record_id,site_id,site_profile,region_group,sequence_index,year,epi_week,week_start,high_respiratory_infection,influenza,pneumonia,bronchial_crisis,other_respiratory,covid19_identified,covid19_unidentified,respiratory_total,age_lt1,age_1_4,age_5_14,age_15_64,age_65_plus,mean_temperature_c,precipitation_mm,holiday_week,school_vacation_week,outbreak_intensity,data_quality_flag,recommended_split,is_synthetic,generator_seed,dataset_version
H01-2022-W01,H01,low_volume_rural,north,1,2022,1,2022-01-03,218,11,8,27,65,32,14,375,24,50,71,192,38,22.25,5.84,1,0,0.0192,complete,train,1,20260805,1.0.0
H01-2022-W02,H01,low_volume_rural,north,2,2022,2,2022-01-10,128,5,12,21,56,52,18,292,18,34,50,155,35,22.09,0.38,0,0,0.0,complete,train,1,20260805,1.0.0
H01-2022-W03,H01,low_volume_rural,north,3,2022,3,2022-01-17,170,8,10,16,71,38,12,325,16,40,59,167,43,22.09,1.3,0,0,0.0,complete,train,1,20260805,1.0.0
H01-2022-W04,H01,low_volume_rural,north,4,2022,4,2022-01-24,160,10,21,16,63,47,19,336,21,43,61,167,44,22.09,5.15,0,0,0.017,complete,train,1,20260805,1.0.0
H01-2022-W05,H01,low_volume_rural,north,5,2022,5,2022-01-31,191,13,9,32,70,43,13,371,16,54,59,185,57,23.24,1.6,0,0,0.0116,complete,train,1,20260805,1.0.0
H01-2022-W06,H01,low_volume_rural,north,6,2022,6,2022-02-07,205,17,16,30,68,63,16,415,22,54,85,199,55,21.31,3.65,0,0,0.1296,complete,train,1,20260805,1.0.0
H01-2022-W07,H01,low_volume_rural,north,7,2022,7,2022-02-14,192,13,22,19,74,52,11,383,19,48,78,203,35,22.21,0.22,0,0,0.0517,complete,train,1,20260805,1.0.0
H01-2022-W08,H01,low_volume_rural,north,8,2022,8,2022-02-21,201,20,30,39,79,48,11,428,24,65,74,202,63,21.71,1.61,0,0,0.2127,complete,train,1,20260805,1.0.0
H01-2022-W09,H01,low_volume_rural,north,9,2022,9,2022-02-28,248,30,19,34,84,42,10,467,41,65,95,215,51,22.14,1.32,0,0,0.193,complete,train,1,20260805,1.0.0
H01-2022-W10,H01,low_volume_rural,north,10,2022,10,2022-03-07,227,21,34,38,91,48,17,476,18,78,90,243,47,22.03,3.45,0,0,0.2655,complete,train,1,20260805,1.0.0
H01-2022-W11,H01,low_volume_rural,north,11,2022,11,2022-03-14,292,34,30,46,110,47,13,572,40,74,119,288,51,21.8,1.36,0,0,0.3478,complete,train,1,20260805,1.0.0
H01-2022-W12,H01,low_volume_rural,north,12,2022,12,2022-03-21,314,32,46,62,123,46,19,642,42,100,112,317,71,20.45,2.91,0,0,0.3305,complete,train,1,20260805,1.0.0
H01-2022-W13,H01,low_volume_rural,north,13,2022,13,2022-03-28,341,50,19,63,132,46,23,674,34,105,124,341,70,20.72,3.13,0,0,0.4199,complete,train,1,20260805,1.0.0
H01-2022-W14,H01,low_volume_rural,north,14,2022,14,2022-04-04,379,49,35,64,146,40,15,728,50,120,130,344,84,18.96,2.13,0,0,0.5354,complete,train,1,20260805,1.0.0
H01-2022-W15,H01,low_volume_rural,north,15,2022,15,2022-04-11,404,70,46,60,161,48,16,805,41,110,177,381,96,19.14,2.0,1,0,0.5401,complete,train,1,20260805,1.0.0
H01-2022-W16,H01,low_volume_rural,north,16,2022,16,2022-04-18,391,60,35,88,142,31,12,759,34,113,179,349,84,18.34,6.3,0,0,0.6726,complete,train,1,20260805,1.0.0
H01-2022-W17,H01,low_volume_rural,north,17,2022,17,2022-04-25,393,77,62,97,171,36,7,843,55,127,170,405,86,17.1,2.36,0,0,0.8497,complete,train,1,20260805,1.0.0
H01-2022-W18,H01,low_volume_rural,north,18,2022,18,2022-05-02,437,67,51,70,149,28,7,809,43,128,169,378,91,16.38,5.17,1,0,0.9341,extreme_but_valid,train,1,20260805,1.0.0
H01-2022-W19,H01,low_volume_rural,north,19,2022,19,2022-05-09,480,83,61,92,156,31,12,915,64,138,191,419,103,17.08,9.62,0,0,0.9373,extreme_but_valid,train,1,20260805,1.0.0
H01-2022-W20,H01,low_volume_rural,north,20,2022,20,2022-05-16,472,63,67,91,149,29,13,884,59,132,179,427,87,17.23,3.21,0,0,0.9041,extreme_but_valid,train,1,20260805,1.0.0
H01-2022-W21,H01,low_volume_rural,north,21,2022,21,2022-05-23,500,80,52,102,156,28,8,926,68,127,201,432,98,15.44,2.97,0,0,0.8711,extreme_but_valid,train,1,20260805,1.0.0
H01-2022-W22,H01,low_volume_rural,north,22,2022,22,2022-05-30,433,76,47,85,164,23,8,836,60,129,169,379,99,15.12,6.53,0,0,0.7113,complete,train,1,20260805,1.0.0
H01-2022-W23,H01,low_volume_rural,north,23,2022,23,2022-06-06,465,62,50,82,166,18,6,849,54,134,192,374,95,14.87,10.19,0,0,0.7776,complete,train,1,20260805,1.0.0
H01-2022-W24,H01,low_volume_rural,north,24,2022,24,2022-06-13,456,80,52,65,149,19,11,832,60,121,188,383,80,14.75,3.98,0,0,0.6507,complete,train,1,20260805,1.0.0
H01-2022-W25,H01,low_volume_rural,north,25,2022,25,2022-06-20,436,56,43,83,148,23,5,794,46,123,166,377,82,14.14,7.04,0,0,0.6781,complete,train,1,20260805,1.0.0
H01-2022-W26,H01,low_volume_rural,north,26,2022,26,2022-06-27,400,56,39,67,146,24,11,743,46,103,161,357,76,12.91,4.6,0,0,0.5902,complete,train,1,20260805,1.0.0
H01-2022-W27,H01,low_volume_rural,north,27,2022,27,2022-07-04,329,53,38,58,143,21,5,647,41,88,128,325,65,14.62,3.06,0,1,0.4818,complete,train,1,20260805,1.0.0
H01-2022-W28,H01,low_volume_rural,north,28,2022,28,2022-07-11,313,40,29,53,126,24,8,593,35,93,132,276,57,13.75,5.26,0,1,0.5144,complete,train,1,20260805,1.0.0
H01-2022-W29,H01,low_volume_rural,north,29,2022,29,2022-07-18,306,35,30,59,111,25,7,573,26,92,112,289,54,13.73,3.94,0,1,0.3089,complete,train,1,20260805,1.0.0
H01-2022-W30,H01,low_volume_rural,north,30,2022,30,2022-07-25,269,23,31,38,109,15,6,491,28,64,101,256,42,13.65,7.04,0,1,0.3354,complete,train,1,20260805,1.0.0
H01-2022-W31,H01,low_volume_rural,north,31,2022,31,2022-08-01,300,23,23,53,101,20,9,529,28,63,113,255,70,14.19,7.23,0,0,0.2845,complete,train,1,20260805,1.0.0
H01-2022-W32,H01,low_volume_rural,north,32,2022,32,2022-08-08,273,17,29,33,89,24,6,471,24,69,90,239,49,14.59,4.88,0,0,0.2951,complete,train,1,20260805,1.0.0
H01-2022-W33,H01,low_volume_rural,north,33,2022,33,2022-08-15,232,10,18,37,83,21,8,409,25,56,79,196,53,13.59,3.76,0,0,0.3239,complete,train,1,20260805,1.0.0
H01-2022-W34,H01,low_volume_rural,north,34,2022,34,2022-08-22,258,12,25,50,84,16,2,447,28,61,88,210,60,14.59,3.58,0,0,0.2947,complete,train,1,20260805,1.0.0
H01-2022-W35,H01,low_volume_rural,north,35,2022,35,2022-08-29,269,12,26,39,76,16,5,443,20,63,84,215,61,17.04,4.16,0,0,0.2891,complete,train,1,20260805,1.0.0
H01-2022-W36,H01,low_volume_rural,north,36,2022,36,2022-09-05,245,19,18,36,116,20,9,463,45,55,77,239,47,16.2,4.37,0,0,0.2231,complete,train,1,20260805,1.0.0
H01-2022-W37,H01,low_volume_rural,north,37,2022,37,2022-09-12,269,7,21,33,89,22,6,447,19,63,87,232,46,16.26,4.22,0,0,0.2575,complete,train,1,20260805,1.0.0
H01-2022-W38,H01,low_volume_rural,north,38,2022,38,2022-09-19,289,9,16,35,78,13,3,443,22,62,81,210,68,15.87,2.4,1,0,0.2622,complete,train,1,20260805,1.0.0
H01-2022-W39,H01,low_volume_rural,north,39,2022,39,2022-09-26,266,7,20,30,90,20,7,440,21,61,89,219,50,18.02,2.94,1,0,0.2736,complete,train,1,20260805,1.0.0
H01-2022-W40,H01,low_volume_rural,north,40,2022,40,2022-10-03,196,6,23,37,96,13,4,375,13,64,73,176,49,17.79,5.77,0,0,0.2,complete,train,1,20260805,1.0.0
H01-2022-W41,H01,low_volume_rural,north,41,2022,41,2022-10-10,204,8,23,30,76,20,6,367,24,45,74,175,49,17.23,2.64,0,0,0.127,complete,train,1,20260805,1.0.0
H01-2022-W42,H01,low_volume_rural,north,42,2022,42,2022-10-17,188,5,19,33,82,14,6,347,26,51,61,172,37,18.35,3.49,0,0,0.1744,complete,train,1,20260805,1.0.0
H01-2022-W43,H01,low_volume_rural,north,43,2022,43,2022-10-24,221,5,16,25,85,14,7,373,25,46,73,188,41,19.99,3.81,0,0,0.1821,complete,train,1,20260805,1.0.0
H01-2022-W44,H01,low_volume_rural,north,44,2022,44,2022-10-31,231,8,15,32,82,12,1,381,24,48,74,191,44,17.43,2.69,0,0,0.1509,complete,train,1,20260805,1.0.0
H01-2022-W45,H01,low_volume_rural,north,45,2022,45,2022-11-07,205,7,12,25,86,18,6,359,26,45,55,182,51,21.02,3.41,0,0,0.2426,complete,train,1,20260805,1.0.0
H01-2022-W46,H01,low_volume_rural,north,46,2022,46,2022-11-14,209,3,20,28,68,16,8,352,14,39,62,186,51,18.5,5.18,0,0,0.1278,complete,train,1,20260805,1.0.0
H01-2022-W47,H01,low_volume_rural,north,47,2022,47,2022-11-21,205,4,17,18,83,21,4,352,24,42,60,184,42,21.44,2.11,0,0,0.1398,complete,train,1,20260805,1.0.0
H01-2022-W48,H01,low_volume_rural,north,48,2022,48,2022-11-28,197,4,15,14,79,13,5,327,13,57,63,156,38,22.23,3.23,0,0,0.0437,complete,train,1,20260805,1.0.0
H01-2022-W49,H01,low_volume_rural,north,49,2022,49,2022-12-05,209,6,10,28,81,24,7,365,19,49,67,189,41,23.0,1.18,0,0,0.0992,complete,train,1,20260805,1.0.0
H01-2022-W50,H01,low_volume_rural,north,50,2022,50,2022-12-12,222,7,7,21,64,14,2,337,22,38,69,166,42,22.86,0.61,0,0,0.0423,complete,train,1,20260805,1.0.0
H01-2022-W51,H01,low_volume_rural,north,51,2022,51,2022-12-19,225,7,18,17,57,22,5,351,25,47,54,191,34,23.14,4.07,0,0,0.109,complete,train,1,20260805,1.0.0
H01-2022-W52,H01,low_volume_rural,north,52,2022,52,2022-12-26,209,3,16,26,78,16,6,354,26,61,65,169,33,22.14,4.08,1,0,0.0111,complete,train,1,20260805,1.0.0
H01-2023-W01,H01,low_volume_rural,north,53,2023,1,2023-01-02,193,6,13,35,62,22,2,333,21,49,65,160,38,21.67,0.44,1,0,0.0249,complete,train,1,20260805,1.0.0
H01-2023-W02,H01,low_volume_rural,north,54,2023,2,2023-01-09,151,12,13,19,53,13,8,269,19,42,38,137,33,23.43,5.06,0,0,0.0153,complete,train,1,20260805,1.0.0
H01-2023-W03,H01,low_volume_rural,north,55,2023,3,2023-01-16,184,9,17,28,63,26,14,341,15,46,84,161,35,24.12,0.37,0,0,0.0341,complete,train,1,20260805,1.0.0
H01-2023-W04,H01,low_volume_rural,north,56,2023,4,2023-01-23,202,17,18,36,47,28,6,354,15,49,59,189,42,22.99,8.94,0,0,0.0511,complete,train,1,20260805,1.0.0
H01-2023-W05,H01,low_volume_rural,north,57,2023,5,2023-01-30,202,10,22,26,80,17,6,363,19,48,51,196,49,21.56,0.62,0,0,0.04,complete,train,1,20260805,1.0.0
H01-2023-W06,H01,low_volume_rural,north,58,2023,6,2023-02-06,185,8,20,25,71,22,3,334,19,45,68,167,35,21.87,0.58,0,0,0.0686,complete,train,1,20260805,1.0.0
H01-2023-W07,H01,low_volume_rural,north,59,2023,7,2023-02-13,229,11,20,33,92,19,8,412,28,58,68,207,51,21.95,0.91,0,0,0.1372,complete,train,1,20260805,1.0.0
H01-2023-W08,H01,low_volume_rural,north,60,2023,8,2023-02-20,228,20,25,50,83,27,13,446,22,74,90,199,61,21.25,3.65,0,0,0.1033,complete,train,1,20260805,1.0.0
H01-2023-W09,H01,low_volume_rural,north,61,2023,9,2023-02-27,274,27,22,38,88,30,13,492,16,77,106,216,77,22.04,2.95,0,0,0.2961,complete,train,1,20260805,1.0.0
H01-2023-W10,H01,low_volume_rural,north,62,2023,10,2023-03-06,287,33,22,38,103,20,5,508,27,67,104,254,56,21.66,2.72,0,0,0.3141,complete,train,1,20260805,1.0.0
H01-2023-W11,H01,low_volume_rural,north,63,2023,11,2023-03-13,308,46,37,44,99,24,9,567,38,83,98,287,61,20.56,5.25,0,0,0.2409,complete,train,1,20260805,1.0.0
H01-2023-W12,H01,low_volume_rural,north,64,2023,12,2023-03-20,291,44,29,55,90,26,8,543,39,77,109,255,63,20.0,3.95,0,0,0.3623,complete,train,1,20260805,1.0.0
H01-2023-W13,H01,low_volume_rural,north,65,2023,13,2023-03-27,340,41,38,66,107,21,6,619,36,97,110,306,70,18.15,1.91,0,0,0.4538,complete,train,1,20260805,1.0.0
H01-2023-W14,H01,low_volume_rural,north,66,2023,14,2023-04-03,371,59,51,64,134,24,9,712,38,97,143,359,75,20.54,2.46,0,0,0.5126,complete,train,1,20260805,1.0.0
H01-2023-W15,H01,low_volume_rural,north,67,2023,15,2023-04-10,400,75,40,74,130,15,4,738,38,111,170,334,85,19.44,2.8,1,0,0.6455,complete,train,1,20260805,1.0.0
H01-2023-W16,H01,low_volume_rural,north,68,2023,16,2023-04-17,393,81,36,73,131,14,3,731,56,130,145,325,75,19.28,2.41,0,0,0.619,complete,train,1,20260805,1.0.0
H01-2023-W17,H01,low_volume_rural,north,69,2023,17,2023-04-24,425,91,45,77,146,23,8,815,61,121,180,366,87,18.78,10.17,0,0,0.6848,complete,train,1,20260805,1.0.0
H01-2023-W18,H01,low_volume_rural,north,70,2023,18,2023-05-01,440,80,63,78,177,12,3,853,63,129,173,400,88,15.92,5.44,1,0,0.8086,extreme_but_valid,train,1,20260805,1.0.0
H01-2023-W19,H01,low_volume_rural,north,71,2023,19,2023-05-08,434,73,46,111,171,18,4,857,56,131,175,404,91,16.73,2.09,0,0,0.9222,complete,train,1,20260805,1.0.0
H01-2023-W20,H01,low_volume_rural,north,72,2023,20,2023-05-15,453,85,50,80,167,9,3,847,59,115,188,391,94,17.07,3.52,0,0,0.8494,extreme_but_valid,train,1,20260805,1.0.0
H01-2023-W21,H01,low_volume_rural,north,73,2023,21,2023-05-22,475,84,50,79,142,12,2,844,53,100,181,416,94,15.59,8.56,0,0,0.8468,extreme_but_valid,train,1,20260805,1.0.0
H01-2023-W22,H01,low_volume_rural,north,74,2023,22,2023-05-29,486,97,55,111,162,14,8,933,62,146,209,418,98,15.98,3.71,0,0,0.8149,extreme_but_valid,train,1,20260805,1.0.0
H01-2023-W23,H01,low_volume_rural,north,75,2023,23,2023-06-05,410,87,63,91,136,13,4,804,56,131,161,378,78,14.13,4.6,0,0,0.7068,complete,train,1,20260805,1.0.0
H01-2023-W24,H01,low_volume_rural,north,76,2023,24,2023-06-12,410,67,63,79,141,11,2,773,54,111,157,370,81,13.66,4.24,0,0,0.7565,complete,train,1,20260805,1.0.0
H01-2023-W25,H01,low_volume_rural,north,77,2023,25,2023-06-19,410,69,59,76,156,10,2,782,47,127,164,354,90,13.9,5.98,0,0,0.7229,complete,train,1,20260805,1.0.0
H01-2023-W26,H01,low_volume_rural,north,78,2023,26,2023-06-26,358,80,40,70,149,7,3,707,43,115,128,341,80,13.47,7.22,0,0,0.6229,complete,train,1,20260805,1.0.0
H01-2023-W27,H01,low_volume_rural,north,79,2023,27,2023-07-03,367,45,38,77,129,13,5,674,38,109,136,319,72,14.87,7.02,0,1,0.5378,complete,train,1,20260805,1.0.0
H01-2023-W28,H01,low_volume_rural,north,80,2023,28,2023-07-10,358,41,47,62,115,10,2,635,48,88,131,310,58,14.95,3.18,0,1,0.4487,complete,train,1,20260805,1.0.0
H01-2023-W29,H01,low_volume_rural,north,81,2023,29,2023-07-17,297,43,22,39,113,6,3,523,20,64,127,250,62,14.42,4.85,0,1,0.4646,complete,train,1,20260805,1.0.0
H01-2023-W30,H01,low_volume_rural,north,82,2023,30,2023-07-24,242,30,28,48,102,10,3,463,20,68,98,219,58,13.71,12.71,0,1,0.2605,complete,train,1,20260805,1.0.0
H01-2023-W31,H01,low_volume_rural,north,83,2023,31,2023-07-31,280,26,29,45,99,7,3,489,30,74,95,241,49,13.9,3.98,0,0,0.2885,complete,train,1,20260805,1.0.0
H01-2023-W32,H01,low_volume_rural,north,84,2023,32,2023-08-07,250,28,27,40,92,8,3,448,28,70,97,212,41,14.71,5.27,0,0,0.3175,complete,train,1,20260805,1.0.0
H01-2023-W33,H01,low_volume_rural,north,85,2023,33,2023-08-14,241,15,25,29,89,8,1,408,24,50,74,214,46,14.25,5.79,0,0,0.2589,complete,train,1,20260805,1.0.0
H01-2023-W34,H01,low_volume_rural,north,86,2023,34,2023-08-21,243,22,29,64,99,8,3,468,20,62,85,228,73,14.16,5.65,0,0,0.2603,complete,train,1,20260805,1.0.0
H01-2023-W35,H01,low_volume_rural,north,87,2023,35,2023-08-28,272,19,22,43,80,8,6,450,28,64,97,207,54,14.54,4.53,0,0,0.2285,complete,train,1,20260805,1.0.0
H01-2023-W36,H01,low_volume_rural,north,88,2023,36,2023-09-04,243,14,20,45,82,10,5,419,22,46,89,219,43,16.32,2.53,0,0,0.2197,complete,train,1,20260805,1.0.0
H01-2023-W37,H01,low_volume_rural,north,89,2023,37,2023-09-11,220,9,23,29,88,11,5,385,19,61,68,192,45,16.06,4.98,0,0,0.2757,complete,train,1,20260805,1.0.0
H01-2023-W38,H01,low_volume_rural,north,90,2023,38,2023-09-18,246,7,18,40,78,10,2,401,20,56,68,214,43,15.04,6.37,1,0,0.2247,complete,train,1,20260805,1.0.0
H01-2023-W39,H01,low_volume_rural,north,91,2023,39,2023-09-25,246,7,17,35,94,4,0,403,29,54,72,201,47,16.45,2.39,1,0,0.2435,complete,train,1,20260805,1.0.0
H01-2023-W40,H01,low_volume_rural,north,92,2023,40,2023-10-02,228,7,12,33,88,8,3,379,23,58,72,177,49,16.79,2.32,0,0,0.2571,complete,train,1,20260805,1.0.0
H01-2023-W41,H01,low_volume_rural,north,93,2023,41,2023-10-09,247,8,14,35,89,7,1,401,32,49,59,217,44,18.04,5.0,0,0,0.1232,complete,train,1,20260805,1.0.0
H01-2023-W42,H01,low_volume_rural,north,94,2023,42,2023-10-16,260,10,21,28,85,11,2,417,22,48,85,211,51,18.57,5.57,0,0,0.2436,complete,train,1,20260805,1.0.0
H01-2023-W43,H01,low_volume_rural,north,95,2023,43,2023-10-23,293,6,22,24,81,9,3,438,22,61,69,229,57,19.62,1.39,0,0,0.2088,complete,train,1,20260805,1.0.0
H01-2023-W44,H01,low_volume_rural,north,96,2023,44,2023-10-30,232,4,15,30,74,9,1,365,27,55,69,177,37,18.91,1.75,0,0,0.1337,complete,train,1,20260805,1.0.0
H01-2023-W45,H01,low_volume_rural,north,97,2023,45,2023-11-06,233,11,14,32,77,6,0,373,13,48,60,206,46,19.6,4.79,0,0,0.1651,complete,train,1,20260805,1.0.0
H01-2023-W46,H01,low_volume_rural,north,98,2023,46,2023-11-13,247,7,16,25,73,8,2,378,20,53,79,180,46,21.13,3.38,0,0,0.0931,complete,train,1,20260805,1.0.0
H01-2023-W47,H01,low_volume_rural,north,99,2023,47,2023-11-20,214,5,15,22,60,10,3,329,14,49,52,174,40,21.31,8.92,0,0,0.1048,complete,train,1,20260805,1.0.0
H01-2023-W48,H01,low_volume_rural,north,100,2023,48,2023-11-27,180,3,11,21,74,11,5,305,11,39,65,160,30,23.14,1.78,0,0,0.1617,complete,train,1,20260805,1.0.0
H01-2023-W49,H01,low_volume_rural,north,101,2023,49,2023-12-04,166,0,17,26,77,10,2,298,13,29,48,171,37,21.79,2.85,0,0,0.1591,complete,train,1,20260805,1.0.0
H01-2023-W50,H01,low_volume_rural,north,102,2023,50,2023-12-11,153,6,16,20,65,7,1,268,9,33,44,144,38,22.57,2.01,0,0,0.1011,complete,train,1,20260805,1.0.0
H01-2023-W51,H01,low_volume_rural,north,103,2023,51,2023-12-18,220,12,15,19,71,10,5,352,20,50,63,170,49,22.15,0.83,0,0,0.1325,complete,train,1,20260805,1.0.0
H01-2023-W52,H01,low_volume_rural,north,104,2023,52,2023-12-25,241,1,18,27,82,9,2,380,17,61,68,197,37,23.31,4.73,1,0,0.0788,complete,train,1,20260805,1.0.0
H01-2024-W01,H01,low_volume_rural,north,105,2024,1,2024-01-01,198,8,18,27,52,16,6,325,22,59,68,132,44,24.77,3.95,1,0,0.0,complete,train,1,20260805,1.0.0
H01-2024-W02,H01,low_volume_rural,north,106,2024,2,2024-01-08,196,12,18,25,86,14,8,359,21,51,84,164,39,22.22,0.34,0,0,0.0,complete,train,1,20260805,1.0.0
H01-2024-W03,H01,low_volume_rural,north,107,2024,3,2024-01-15,174,8,16,24,64,14,3,303,12,35,58,161,37,24.25,1.74,0,0,0.0276,complete,train,1,20260805,1.0.0
H01-2024-W04,H01,low_volume_rural,north,108,2024,4,2024-01-22,160,9,14,21,52,16,2,274,17,41,50,133,33,23.54,2.59,0,0,0.0,complete,train,1,20260805,1.0.0
H01-2024-W05,H01,low_volume_rural,north,109,2024,5,2024-01-29,178,13,23,24,60,15,7,320,24,41,53,159,43,22.91,3.14,0,0,0.0746,complete,train,1,20260805,1.0.0
H01-2024-W06,H01,low_volume_rural,north,110,2024,6,2024-02-05,178,16,20,25,61,23,8,331,19,45,63,180,24,23.45,3.1,0,0,0.0527,complete,train,1,20260805,1.0.0
H01-2024-W07,H01,low_volume_rural,north,111,2024,7,2024-02-12,221,15,23,34,81,19,11,404,24,57,90,186,47,21.02,1.79,0,0,0.1457,complete,train,1,20260805,1.0.0
H01-2024-W08,H01,low_volume_rural,north,112,2024,8,2024-02-19,216,12,24,26,81,17,7,383,19,53,67,194,50,21.05,0.95,0,0,0.2155,complete,train,1,20260805,1.0.0
H01-2024-W09,H01,low_volume_rural,north,113,2024,9,2024-02-26,250,27,23,30,81,10,1,422,26,61,78,203,54,22.03,1.12,0,0,0.2376,complete,train,1,20260805,1.0.0
H01-2024-W10,H01,low_volume_rural,north,114,2024,10,2024-03-04,272,36,31,48,87,17,7,498,39,69,92,252,46,20.44,4.69,0,0,0.2968,complete,train,1,20260805,1.0.0
H01-2024-W11,H01,low_volume_rural,north,115,2024,11,2024-03-11,276,41,32,40,88,11,1,489,29,86,90,228,56,20.09,13.39,0,0,0.2902,complete,train,1,20260805,1.0.0
H01-2024-W12,H01,low_volume_rural,north,116,2024,12,2024-03-18,303,53,36,56,129,16,7,600,38,82,126,294,60,20.55,1.46,0,0,0.3282,complete,train,1,20260805,1.0.0
H01-2024-W13,H01,low_volume_rural,north,117,2024,13,2024-03-25,341,49,42,48,123,10,3,616,37,90,123,291,75,19.49,1.32,0,0,0.5988,complete,train,1,20260805,1.0.0
H01-2024-W14,H01,low_volume_rural,north,118,2024,14,2024-04-01,370,68,44,63,121,14,5,685,50,97,146,304,88,19.92,2.47,0,0,0.5345,complete,train,1,20260805,1.0.0
H01-2024-W15,H01,low_volume_rural,north,119,2024,15,2024-04-08,378,58,47,60,114,15,10,682,45,81,151,336,69,19.48,1.62,1,0,0.6483,complete,train,1,20260805,1.0.0
H01-2024-W16,H01,low_volume_rural,north,120,2024,16,2024-04-15,412,79,45,83,133,14,6,772,50,97,150,382,93,17.98,3.12,0,0,0.7049,complete,train,1,20260805,1.0.0
H01-2024-W17,H01,low_volume_rural,north,121,2024,17,2024-04-22,464,73,35,90,167,10,4,843,65,111,187,388,92,18.41,3.01,0,0,0.721,complete,train,1,20260805,1.0.0
H01-2024-W18,H01,low_volume_rural,north,122,2024,18,2024-04-29,466,94,54,84,147,8,2,855,48,129,188,379,111,17.03,4.05,1,0,0.8484,extreme_but_valid,train,1,20260805,1.0.0
H01-2024-W19,H01,low_volume_rural,north,123,2024,19,2024-05-06,448,91,52,94,143,8,3,839,41,126,163,398,111,15.73,2.98,0,0,0.8617,extreme_but_valid,train,1,20260805,1.0.0
H01-2024-W20,H01,low_volume_rural,north,124,2024,20,2024-05-13,490,93,50,89,164,10,5,901,61,121,202,415,102,15.32,9.33,0,0,0.8241,extreme_but_valid,train,1,20260805,1.0.0
H01-2024-W21,H01,low_volume_rural,north,125,2024,21,2024-05-20,487,102,64,94,168,5,0,920,60,142,205,418,95,16.8,3.82,0,0,0.812,extreme_but_valid,train,1,20260805,1.0.0
H01-2024-W22,H01,low_volume_rural,north,126,2024,22,2024-05-27,451,88,57,76,149,11,4,836,51,140,163,401,81,15.82,3.04,0,0,0.7903,extreme_but_valid,train,1,20260805,1.0.0
H01-2024-W23,H01,low_volume_rural,north,127,2024,23,2024-06-03,411,73,56,83,155,7,5,790,46,126,153,377,88,14.55,3.77,0,0,0.7714,complete,train,1,20260805,1.0.0
H01-2024-W24,H01,low_volume_rural,north,128,2024,24,2024-06-10,445,67,49,84,134,11,2,792,39,108,162,394,89,14.54,10.1,0,0,0.7159,complete,train,1,20260805,1.0.0
H01-2024-W25,H01,low_volume_rural,north,129,2024,25,2024-06-17,408,79,49,85,145,6,0,772,51,110,168,364,79,14.05,4.55,0,0,0.6434,complete,train,1,20260805,1.0.0
H01-2024-W26,H01,low_volume_rural,north,130,2024,26,2024-06-24,362,54,39,65,141,6,4,671,45,83,125,330,88,14.83,4.62,0,0,0.6286,complete,train,1,20260805,1.0.0
H01-2024-W27,H01,low_volume_rural,north,131,2024,27,2024-07-01,380,67,30,67,131,4,2,681,45,102,142,298,94,12.65,4.99,0,1,0.5141,complete,train,1,20260805,1.0.0
H01-2024-W28,H01,low_volume_rural,north,132,2024,28,2024-07-08,364,48,40,60,123,9,2,646,31,101,140,301,73,15.05,4.95,0,1,0.4364,complete,train,1,20260805,1.0.0
H01-2024-W29,H01,low_volume_rural,north,133,2024,29,2024-07-15,324,37,28,52,117,2,1,561,34,70,116,280,61,15.36,5.53,0,1,0.3754,complete,train,1,20260805,1.0.0
H01-2024-W30,H01,low_volume_rural,north,134,2024,30,2024-07-22,301,26,31,50,107,6,2,523,29,86,84,258,66,14.53,3.54,0,1,0.3332,complete,train,1,20260805,1.0.0
H01-2024-W31,H01,low_volume_rural,north,135,2024,31,2024-07-29,324,34,24,50,69,13,4,518,24,75,100,246,73,13.75,7.06,0,0,0.2753,complete,train,1,20260805,1.0.0
H01-2024-W32,H01,low_volume_rural,north,136,2024,32,2024-08-05,281,27,20,42,118,5,2,495,28,83,96,237,51,14.61,5.93,0,0,0.3327,complete,train,1,20260805,1.0.0
H01-2024-W33,H01,low_volume_rural,north,137,2024,33,2024-08-12,259,29,17,36,97,6,0,444,18,47,75,255,49,14.53,3.14,0,0,0.3024,complete,train,1,20260805,1.0.0
H01-2024-W34,H01,low_volume_rural,north,138,2024,34,2024-08-19,217,8,21,32,75,3,1,357,22,61,61,171,42,15.88,3.76,0,0,0.2947,complete,train,1,20260805,1.0.0
H01-2024-W35,H01,low_volume_rural,north,139,2024,35,2024-08-26,263,13,29,33,69,3,0,410,27,57,81,204,41,14.38,8.66,0,0,0.2283,complete,train,1,20260805,1.0.0
H01-2024-W36,H01,low_volume_rural,north,140,2024,36,2024-09-02,273,12,20,35,89,4,2,435,32,62,81,202,58,14.77,3.67,0,0,0.2684,complete,train,1,20260805,1.0.0
H01-2024-W37,H01,low_volume_rural,north,141,2024,37,2024-09-09,268,10,16,43,79,6,1,423,18,64,72,220,49,18.16,14.77,0,0,0.2366,complete,train,1,20260805,1.0.0
H01-2024-W38,H01,low_volume_rural,north,142,2024,38,2024-09-16,253,4,17,31,89,3,1,398,17,43,80,208,50,15.96,8.69,1,0,0.2401,complete,train,1,20260805,1.0.0
H01-2024-W39,H01,low_volume_rural,north,143,2024,39,2024-09-23,266,9,22,35,103,6,3,444,31,61,70,221,61,15.71,3.23,1,0,0.2363,complete,train,1,20260805,1.0.0
H01-2024-W40,H01,low_volume_rural,north,144,2024,40,2024-09-30,215,7,23,35,88,8,1,377,25,46,72,195,39,17.26,3.33,0,0,0.2508,complete,train,1,20260805,1.0.0
H01-2024-W41,H01,low_volume_rural,north,145,2024,41,2024-10-07,245,6,15,23,94,4,0,387,16,50,76,185,60,16.1,2.53,0,0,0.1351,complete,train,1,20260805,1.0.0
H01-2024-W42,H01,low_volume_rural,north,146,2024,42,2024-10-14,228,7,20,23,89,7,4,378,22,60,73,164,59,18.23,3.76,0,0,0.1422,complete,train,1,20260805,1.0.0
H01-2024-W43,H01,low_volume_rural,north,147,2024,43,2024-10-21,227,5,8,38,70,9,4,361,20,50,61,188,42,19.16,3.54,0,0,0.1926,complete,train,1,20260805,1.0.0
H01-2024-W44,H01,low_volume_rural,north,148,2024,44,2024-10-28,211,5,15,27,64,1,1,324,20,35,71,170,28,19.03,2.66,0,0,0.3299,complete,train,1,20260805,1.0.0
H01-2024-W45,H01,low_volume_rural,north,149,2024,45,2024-11-04,226,8,19,30,82,5,6,376,15,54,74,195,38,20.56,2.35,0,0,0.1701,complete,train,1,20260805,1.0.0
H01-2024-W46,H01,low_volume_rural,north,150,2024,46,2024-11-11,203,5,19,27,81,5,2,342,25,47,70,162,38,21.21,6.71,0,0,0.066,complete,train,1,20260805,1.0.0
H01-2024-W47,H01,low_volume_rural,north,151,2024,47,2024-11-18,203,4,14,30,72,6,1,330,15,55,55,160,45,21.45,4.17,0,0,0.1024,complete,train,1,20260805,1.0.0
H01-2024-W48,H01,low_volume_rural,north,152,2024,48,2024-11-25,209,2,14,24,69,4,0,322,13,33,68,177,31,22.21,1.91,0,0,0.126,complete,train,1,20260805,1.0.0
H01-2024-W49,H01,low_volume_rural,north,153,2024,49,2024-12-02,214,2,9,19,75,5,1,325,19,46,68,156,36,21.71,0.81,0,0,0.1225,complete,train,1,20260805,1.0.0
H01-2024-W50,H01,low_volume_rural,north,154,2024,50,2024-12-09,191,8,18,27,55,4,0,303,6,51,50,155,41,22.21,4.06,0,0,0.0166,complete,train,1,20260805,1.0.0
H01-2024-W51,H01,low_volume_rural,north,155,2024,51,2024-12-16,195,6,14,10,68,6,1,300,17,45,51,145,42,22.71,3.73,0,0,0.0539,complete,train,1,20260805,1.0.0
H01-2024-W52,H01,low_volume_rural,north,156,2024,52,2024-12-23,192,7,15,25,79,3,1,322,12,50,66,157,37,21.03,1.55,1,0,0.0563,complete,train,1,20260805,1.0.0
H01-2025-W01,H01,low_volume_rural,north,157,2025,1,2024-12-30,194,6,11,16,64,4,1,296,21,25,61,163,26,23.12,1.16,1,0,0.0,complete,test,1,20260805,1.0.0
H01-2025-W02,H01,low_volume_rural,north,158,2025,2,2025-01-06,183,8,14,24,61,6,1,297,12,33,63,153,36,22.12,4.99,0,0,0.0993,complete,test,1,20260805,1.0.0
H01-2025-W03,H01,low_volume_rural,north,159,2025,3,2025-01-13,167,19,22,24,53,8,0,293,16,40,60,145,32,22.58,5.2,0,0,0.0267,complete,test,1,20260805,1.0.0
H01-2025-W04,H01,low_volume_rural,north,160,2025,4,2025-01-20,183,10,12,28,70,11,0,314,23,36,59,139,57,22.44,1.57,0,0,0.0192,complete,test,1,20260805,1.0.0
H01-2025-W05,H01,low_volume_rural,north,161,2025,5,2025-01-27,184,15,23,32,83,7,3,347,12,49,71,183,32,24.16,3.11,0,0,0.1148,complete,test,1,20260805,1.0.0
H01-2025-W06,H01,low_volume_rural,north,162,2025,6,2025-02-03,226,17,21,39,58,12,4,377,29,46,71,185,46,22.74,0.59,0,0,0.0639,complete,test,1,20260805,1.0.0
H01-2025-W07,H01,low_volume_rural,north,163,2025,7,2025-02-10,240,22,21,45,65,11,6,410,22,59,63,213,53,22.37,3.18,0,0,0.1156,complete,test,1,20260805,1.0.0
H01-2025-W08,H01,low_volume_rural,north,164,2025,8,2025-02-17,241,31,18,33,93,15,2,433,24,56,86,213,54,21.43,1.8,0,0,0.1472,complete,test,1,20260805,1.0.0
H01-2025-W09,H01,low_volume_rural,north,165,2025,9,2025-02-24,248,23,23,33,83,8,3,421,36,56,79,203,47,22.95,1.77,0,0,0.2525,complete,test,1,20260805,1.0.0
H01-2025-W10,H01,low_volume_rural,north,166,2025,10,2025-03-03,273,28,30,45,90,5,1,472,28,76,91,231,46,21.44,2.52,0,0,0.2939,complete,test,1,20260805,1.0.0
H01-2025-W11,H01,low_volume_rural,north,167,2025,11,2025-03-10,319,43,33,47,99,12,4,557,40,67,107,259,84,21.77,0.97,0,0,0.3546,complete,test,1,20260805,1.0.0
H01-2025-W12,H01,low_volume_rural,north,168,2025,12,2025-03-17,356,72,35,48,120,9,1,641,44,100,115,318,64,21.45,4.41,0,0,0.4235,complete,test,1,20260805,1.0.0
H01-2025-W13,H01,low_volume_rural,north,169,2025,13,2025-03-24,366,51,46,68,102,10,5,648,44,92,135,312,65,20.43,5.47,0,0,0.4821,complete,test,1,20260805,1.0.0
H01-2025-W14,H01,low_volume_rural,north,170,2025,14,2025-03-31,410,74,46,67,108,4,0,709,43,99,152,344,71,18.74,7.16,0,0,0.6832,complete,test,1,20260805,1.0.0
H01-2025-W15,H01,low_volume_rural,north,171,2025,15,2025-04-07,385,68,35,76,114,9,1,688,47,95,151,309,86,19.71,3.1,1,0,0.6154,complete,test,1,20260805,1.0.0
H01-2025-W16,H01,low_volume_rural,north,172,2025,16,2025-04-14,429,89,56,80,140,6,0,800,59,122,149,388,82,19.25,3.1,0,0,0.8619,complete,test,1,20260805,1.0.0
H01-2025-W17,H01,low_volume_rural,north,173,2025,17,2025-04-21,454,87,66,100,163,4,1,875,60,118,187,416,94,15.55,2.98,0,0,0.7019,complete,test,1,20260805,1.0.0
H01-2025-W18,H01,low_volume_rural,north,174,2025,18,2025-04-28,491,96,61,94,172,1,4,919,65,129,164,436,125,18.27,3.74,1,0,0.8955,extreme_but_valid,test,1,20260805,1.0.0
H01-2025-W19,H01,low_volume_rural,north,175,2025,19,2025-05-05,462,113,54,99,153,5,4,890,67,134,194,401,94,18.25,3.18,0,0,0.779,complete,test,1,20260805,1.0.0
H01-2025-W20,H01,low_volume_rural,north,176,2025,20,2025-05-12,475,93,55,90,151,5,1,870,51,126,191,387,115,17.26,2.56,0,0,0.8264,extreme_but_valid,test,1,20260805,1.0.0
H01-2025-W21,H01,low_volume_rural,north,177,2025,21,2025-05-19,444,103,63,80,164,5,2,861,64,139,178,393,87,15.92,4.44,0,0,0.9307,extreme_but_valid,test,1,20260805,1.0.0
H01-2025-W22,H01,low_volume_rural,north,178,2025,22,2025-05-26,456,96,40,91,163,1,0,847,60,134,170,391,92,15.3,12.24,0,0,0.8566,extreme_but_valid,test,1,20260805,1.0.0
H01-2025-W23,H01,low_volume_rural,north,179,2025,23,2025-06-02,417,94,48,94,154,2,0,809,54,126,149,393,87,14.98,3.51,0,0,0.7253,complete,test,1,20260805,1.0.0
H01-2025-W24,H01,low_volume_rural,north,180,2025,24,2025-06-09,374,84,47,74,150,2,0,731,46,116,142,349,78,14.98,4.87,0,0,0.7634,complete,test,1,20260805,1.0.0
H01-2025-W25,H01,low_volume_rural,north,181,2025,25,2025-06-16,346,86,39,83,151,6,0,711,41,107,135,349,79,14.27,7.33,0,0,0.636,complete,test,1,20260805,1.0.0
H01-2025-W26,H01,low_volume_rural,north,182,2025,26,2025-06-23,362,85,32,83,149,0,1,712,41,105,148,341,77,15.49,12.41,0,0,0.6072,complete,test,1,20260805,1.0.0
H01-2025-W27,H01,low_volume_rural,north,183,2025,27,2025-06-30,273,53,52,70,111,4,2,565,33,82,120,268,62,15.54,4.42,0,1,0.5528,complete,test,1,20260805,1.0.0
H01-2025-W28,H01,low_volume_rural,north,184,2025,28,2025-07-07,280,54,31,61,127,1,1,555,31,96,109,267,52,14.52,4.42,0,1,0.4318,complete,test,1,20260805,1.0.0
H01-2025-W29,H01,low_volume_rural,north,185,2025,29,2025-07-14,289,32,27,46,101,1,2,498,33,54,96,264,51,14.91,3.12,0,1,0.3335,complete,test,1,20260805,1.0.0
H01-2025-W30,H01,low_volume_rural,north,186,2025,30,2025-07-21,329,37,23,46,91,3,0,529,31,63,125,248,62,14.43,2.99,0,1,0.4411,complete,test,1,20260805,1.0.0
H01-2025-W31,H01,low_volume_rural,north,187,2025,31,2025-07-28,287,26,28,43,92,0,1,477,24,75,81,236,61,14.57,9.25,0,0,0.4075,complete,test,1,20260805,1.0.0
H01-2025-W32,H01,low_volume_rural,north,188,2025,32,2025-08-04,283,17,33,46,93,1,0,473,28,64,92,241,48,13.77,3.53,0,0,0.2785,complete,test,1,20260805,1.0.0
H01-2025-W33,H01,low_volume_rural,north,189,2025,33,2025-08-11,246,16,21,42,90,2,4,421,20,57,79,211,54,15.24,4.14,0,0,0.2671,complete,test,1,20260805,1.0.0
H01-2025-W34,H01,low_volume_rural,north,190,2025,34,2025-08-18,253,16,25,31,79,4,2,410,25,60,78,196,51,15.35,3.52,0,0,0.1727,complete,test,1,20260805,1.0.0
H01-2025-W35,H01,low_volume_rural,north,191,2025,35,2025-08-25,270,19,18,44,89,5,1,446,19,64,91,222,50,15.8,7.24,0,0,0.1583,complete,test,1,20260805,1.0.0
H01-2025-W36,H01,low_volume_rural,north,192,2025,36,2025-09-01,243,13,16,30,92,3,2,399,20,59,71,201,48,16.11,2.83,0,0,0.2846,complete,test,1,20260805,1.0.0
H02-2022-W01,H02,medium_regional,north,1,2022,1,2022-01-03,231,5,15,19,72,57,19,418,25,65,59,223,46,22.83,0.92,1,0,0.0,complete,train,1,20260805,1.0.0
H02-2022-W02,H02,medium_regional,north,2,2022,2,2022-01-10,259,10,13,30,71,53,16,452,32,57,98,217,48,21.12,6.31,0,0,0.0,complete,train,1,20260805,1.0.0
H02-2022-W03,H02,medium_regional,north,3,2022,3,2022-01-17,211,10,15,35,86,63,17,437,27,71,81,208,50,23.18,5.42,0,0,0.0,complete,train,1,20260805,1.0.0
H02-2022-W04,H02,medium_regional,north,4,2022,4,2022-01-24,240,13,19,26,78,60,15,451,29,52,80,233,57,22.91,1.61,0,0,0.0,complete,train,1,20260805,1.0.0
H02-2022-W05,H02,medium_regional,north,5,2022,5,2022-01-31,197,16,16,26,82,64,20,421,27,61,85,198,50,23.26,2.67,0,0,0.0242,complete,train,1,20260805,1.0.0
H02-2022-W06,H02,medium_regional,north,6,2022,6,2022-02-07,243,21,24,33,93,69,28,511,30,62,97,255,67,24.06,3.2,0,0,0.1176,complete,train,1,20260805,1.0.0
H02-2022-W07,H02,medium_regional,north,7,2022,7,2022-02-14,253,18,25,44,85,74,26,525,35,61,103,274,52,22.97,1.86,0,0,0.1282,complete,train,1,20260805,1.0.0
H02-2022-W08,H02,medium_regional,north,8,2022,8,2022-02-21,268,18,23,32,110,67,23,541,24,73,99,292,53,22.74,1.01,0,0,0.1931,complete,train,1,20260805,1.0.0
H02-2022-W09,H02,medium_regional,north,9,2022,9,2022-02-28,278,28,28,52,117,70,25,598,30,97,112,284,75,23.04,1.2,0,0,0.1798,complete,train,1,20260805,1.0.0
H02-2022-W10,H02,medium_regional,north,10,2022,10,2022-03-07,355,40,33,60,120,71,28,707,29,95,157,346,80,21.34,1.92,0,0,0.3362,complete,train,1,20260805,1.0.0
H02-2022-W11,H02,medium_regional,north,11,2022,11,2022-03-14,387,52,34,65,121,63,20,742,43,115,150,345,89,20.43,2.53,0,0,0.2646,complete,train,1,20260805,1.0.0
H02-2022-W12,H02,medium_regional,north,12,2022,12,2022-03-21,396,51,46,66,147,67,19,792,45,112,167,383,85,20.38,3.89,0,0,0.3597,complete,train,1,20260805,1.0.0
H02-2022-W13,H02,medium_regional,north,13,2022,13,2022-03-28,435,52,49,82,146,54,14,832,52,127,190,368,95,19.84,1.1,0,0,0.4446,complete,train,1,20260805,1.0.0
H02-2022-W14,H02,medium_regional,north,14,2022,14,2022-04-04,506,78,52,88,178,46,4,952,44,159,204,435,110,19.83,1.61,0,0,0.5204,complete,train,1,20260805,1.0.0
H02-2022-W15,H02,medium_regional,north,15,2022,15,2022-04-11,560,74,65,88,189,47,10,1033,68,161,195,486,123,19.4,2.77,1,0,0.5726,complete,train,1,20260805,1.0.0
H02-2022-W16,H02,medium_regional,north,16,2022,16,2022-04-18,597,92,61,89,188,46,9,1082,62,169,223,494,134,18.23,3.56,0,0,0.7583,complete,train,1,20260805,1.0.0
H02-2022-W17,H02,medium_regional,north,17,2022,17,2022-04-25,580,103,62,125,188,44,14,1116,84,173,209,533,117,18.52,4.37,0,0,0.8242,extreme_but_valid,train,1,20260805,1.0.0
H02-2022-W18,H02,medium_regional,north,18,2022,18,2022-05-02,593,106,66,110,189,40,18,1122,57,158,216,542,149,17.23,12.63,1,0,0.7856,extreme_but_valid,train,1,20260805,1.0.0
H02-2022-W19,H02,medium_regional,north,19,2022,19,2022-05-09,605,106,91,133,239,36,10,1220,87,152,273,590,118,18.1,2.82,0,0,0.8043,extreme_but_valid,train,1,20260805,1.0.0
H02-2022-W20,H02,medium_regional,north,20,2022,20,2022-05-16,564,96,68,123,205,27,15,1098,76,170,222,512,118,15.18,3.91,0,0,0.8801,extreme_but_valid,train,1,20260805,1.0.0
H02-2022-W21,H02,medium_regional,north,21,2022,21,2022-05-23,580,116,86,131,219,35,11,1178,91,164,244,538,141,14.02,4.35,0,0,0.9034,extreme_but_valid,train,1,20260805,1.0.0
H02-2022-W22,H02,medium_regional,north,22,2022,22,2022-05-30,577,114,71,110,202,23,9,1106,69,164,239,514,120,15.52,8.5,0,0,0.8696,extreme_but_valid,train,1,20260805,1.0.0
H02-2022-W23,H02,medium_regional,north,23,2022,23,2022-06-06,530,83,56,125,199,23,7,1023,60,193,198,458,114,15.38,4.96,0,0,0.7786,complete,train,1,20260805,1.0.0
H02-2022-W24,H02,medium_regional,north,24,2022,24,2022-06-13,540,91,82,115,190,31,13,1062,74,171,208,489,120,13.9,5.9,0,0,0.8136,complete,train,1,20260805,1.0.0
H02-2022-W25,H02,medium_regional,north,25,2022,25,2022-06-20,509,82,51,96,163,31,9,941,58,127,189,446,121,14.41,8.15,0,0,0.6624,complete,train,1,20260805,1.0.0
H02-2022-W26,H02,medium_regional,north,26,2022,26,2022-06-27,465,53,54,93,181,22,6,874,42,117,170,424,121,15.27,4.47,0,0,0.538,complete,train,1,20260805,1.0.0
H02-2022-W27,H02,medium_regional,north,27,2022,27,2022-07-04,435,49,48,67,140,27,11,777,44,102,167,376,88,15.93,5.67,0,1,0.5737,complete,train,1,20260805,1.0.0
H02-2022-W28,H02,medium_regional,north,28,2022,28,2022-07-11,449,48,48,78,163,19,5,810,52,96,158,404,100,15.12,9.39,0,1,0.4772,complete,train,1,20260805,1.0.0
H02-2022-W29,H02,medium_regional,north,29,2022,29,2022-07-18,369,53,35,77,147,22,13,716,36,94,165,338,83,14.97,3.55,0,1,0.4485,complete,train,1,20260805,1.0.0
H02-2022-W30,H02,medium_regional,north,30,2022,30,2022-07-25,417,43,41,62,122,20,8,713,32,110,146,356,69,15.44,3.68,0,1,0.2843,complete,train,1,20260805,1.0.0
H02-2022-W31,H02,medium_regional,north,31,2022,31,2022-08-01,353,22,26,48,117,23,9,598,43,76,102,294,83,13.54,3.98,0,0,0.3544,complete,train,1,20260805,1.0.0
H02-2022-W32,H02,medium_regional,north,32,2022,32,2022-08-08,379,32,31,55,116,20,6,639,38,97,121,301,82,15.87,3.59,0,0,0.2072,complete,train,1,20260805,1.0.0
H02-2022-W33,H02,medium_regional,north,33,2022,33,2022-08-15,332,23,24,43,112,26,9,569,35,79,89,284,82,14.89,3.82,0,0,0.2478,complete,train,1,20260805,1.0.0
H02-2022-W34,H02,medium_regional,north,34,2022,34,2022-08-22,353,20,24,52,121,26,2,598,30,83,125,282,78,13.78,6.49,0,0,0.275,complete,train,1,20260805,1.0.0
H02-2022-W35,H02,medium_regional,north,35,2022,35,2022-08-29,345,9,20,47,98,26,6,551,21,59,108,293,70,15.72,4.8,0,0,0.1414,complete,train,1,20260805,1.0.0
H02-2022-W36,H02,medium_regional,north,36,2022,36,2022-09-05,360,13,24,52,99,28,11,587,39,76,108,296,68,14.76,3.19,0,0,0.2359,complete,train,1,20260805,1.0.0
H02-2022-W37,H02,medium_regional,north,37,2022,37,2022-09-12,321,15,22,39,100,21,4,522,33,65,96,270,58,15.51,2.39,0,0,0.1777,complete,train,1,20260805,1.0.0
H02-2022-W38,H02,medium_regional,north,38,2022,38,2022-09-19,373,6,30,45,89,19,4,566,36,75,127,260,68,15.53,5.26,1,0,0.2874,complete,train,1,20260805,1.0.0
H02-2022-W39,H02,medium_regional,north,39,2022,39,2022-09-26,303,10,20,44,104,27,10,518,31,80,94,252,61,16.49,5.71,1,0,0.3074,complete,train,1,20260805,1.0.0
H02-2022-W40,H02,medium_regional,north,40,2022,40,2022-10-03,287,10,18,33,95,24,8,475,32,65,86,238,54,16.65,3.57,0,0,0.3036,complete,train,1,20260805,1.0.0
H02-2022-W41,H02,medium_regional,north,41,2022,41,2022-10-10,293,7,21,34,112,20,8,495,29,63,84,248,71,18.24,4.47,0,0,0.3313,complete,train,1,20260805,1.0.0
H02-2022-W42,H02,medium_regional,north,42,2022,42,2022-10-17,261,5,24,34,95,27,8,454,29,58,87,232,48,18.24,7.55,0,0,0.1962,complete,train,1,20260805,1.0.0
H02-2022-W43,H02,medium_regional,north,43,2022,43,2022-10-24,202,12,25,40,112,20,8,419,33,43,88,203,52,20.21,3.24,0,0,0.1655,complete,train,1,20260805,1.0.0
H02-2022-W44,H02,medium_regional,north,44,2022,44,2022-10-31,231,12,9,43,109,35,17,456,21,59,92,230,54,19.65,4.21,0,0,0.1824,complete,train,1,20260805,1.0.0
H02-2022-W45,H02,medium_regional,north,45,2022,45,2022-11-07,224,7,26,27,92,33,10,419,25,62,75,211,46,20.27,6.66,0,0,0.0628,complete,train,1,20260805,1.0.0
H02-2022-W46,H02,medium_regional,north,46,2022,46,2022-11-14,325,6,17,35,96,26,5,510,32,62,94,255,67,20.97,6.05,0,0,0.0963,complete,train,1,20260805,1.0.0
H02-2022-W47,H02,medium_regional,north,47,2022,47,2022-11-21,297,11,26,35,121,32,16,538,37,79,91,275,56,20.23,2.74,0,0,0.1406,complete,train,1,20260805,1.0.0
H02-2022-W48,H02,medium_regional,north,48,2022,48,2022-11-28,208,5,19,37,96,25,11,401,29,47,71,204,50,21.16,7.77,0,0,0.1698,complete,train,1,20260805,1.0.0
H02-2022-W49,H02,medium_regional,north,49,2022,49,2022-12-05,219,9,16,38,89,24,7,402,16,69,90,184,43,22.59,1.05,0,0,0.0441,complete,train,1,20260805,1.0.0
H02-2022-W50,H02,medium_regional,north,50,2022,50,2022-12-12,208,7,16,19,92,22,5,369,22,43,71,166,67,21.89,2.05,0,0,0.1823,complete,train,1,20260805,1.0.0
H02-2022-W51,H02,medium_regional,north,51,2022,51,2022-12-19,215,9,18,33,81,21,6,383,30,45,75,189,44,21.46,2.4,0,0,0.0,complete,train,1,20260805,1.0.0
H02-2022-W52,H02,medium_regional,north,52,2022,52,2022-12-26,288,7,18,46,93,29,12,493,25,69,81,239,79,22.96,1.26,1,0,0.0763,complete,train,1,20260805,1.0.0
H02-2023-W01,H02,medium_regional,north,53,2023,1,2023-01-02,287,14,12,27,75,27,8,450,39,55,88,217,51,23.49,0.58,1,0,0.0525,complete,train,1,20260805,1.0.0
H02-2023-W02,H02,medium_regional,north,54,2023,2,2023-01-09,301,6,18,23,94,37,8,487,21,56,109,227,74,22.95,2.1,0,0,0.0507,complete,train,1,20260805,1.0.0
H02-2023-W03,H02,medium_regional,north,55,2023,3,2023-01-16,243,16,19,25,86,20,9,418,19,60,74,226,39,21.23,1.41,0,0,0.0848,complete,train,1,20260805,1.0.0
H02-2023-W04,H02,medium_regional,north,56,2023,4,2023-01-23,223,21,18,36,97,24,12,431,20,55,81,210,65,23.42,0.26,0,0,0.0702,complete,train,1,20260805,1.0.0
H02-2023-W05,H02,medium_regional,north,57,2023,5,2023-01-30,223,16,14,38,89,37,12,429,23,55,85,218,48,23.44,0.86,0,0,0.0,complete,train,1,20260805,1.0.0
H02-2023-W06,H02,medium_regional,north,58,2023,6,2023-02-06,299,8,16,31,110,39,10,513,27,76,108,243,59,21.8,0.19,0,0,0.1206,complete,train,1,20260805,1.0.0
H02-2023-W07,H02,medium_regional,north,59,2023,7,2023-02-13,257,12,25,30,101,45,11,481,31,71,82,235,62,22.55,0.42,0,0,0.0776,complete,train,1,20260805,1.0.0
H02-2023-W08,H02,medium_regional,north,60,2023,8,2023-02-20,302,34,29,44,135,31,10,585,27,90,107,297,64,22.55,4.46,0,0,0.2495,complete,train,1,20260805,1.0.0
H02-2023-W09,H02,medium_regional,north,61,2023,9,2023-02-27,305,36,29,55,101,38,15,579,30,96,113,283,57,21.93,10.34,0,0,0.2331,complete,train,1,20260805,1.0.0
H02-2023-W10,H02,medium_regional,north,62,2023,10,2023-03-06,324,52,15,52,122,25,9,599,33,70,118,307,71,20.5,2.06,0,0,0.2466,complete,train,1,20260805,1.0.0
H02-2023-W11,H02,medium_regional,north,63,2023,11,2023-03-13,357,47,44,61,135,31,23,698,32,104,140,330,92,21.6,2.93,0,0,0.3637,complete,train,1,20260805,1.0.0
H02-2023-W12,H02,medium_regional,north,64,2023,12,2023-03-20,424,74,40,77,154,29,16,814,50,123,147,389,105,19.66,3.63,0,0,0.476,complete,train,1,20260805,1.0.0
H02-2023-W13,H02,medium_regional,north,65,2023,13,2023-03-27,435,77,42,84,138,36,9,821,47,132,164,392,86,19.81,2.06,0,0,0.4945,complete,train,1,20260805,1.0.0
H02-2023-W14,H02,medium_regional,north,66,2023,14,2023-04-03,504,65,46,79,168,31,15,908,64,143,181,415,105,19.29,4.28,0,0,0.5488,complete,train,1,20260805,1.0.0
H02-2023-W15,H02,medium_regional,north,67,2023,15,2023-04-10,529,89,64,98,169,24,8,981,72,141,206,457,105,17.91,3.41,1,0,0.5431,complete,train,1,20260805,1.0.0
H02-2023-W16,H02,medium_regional,north,68,2023,16,2023-04-17,565,104,58,94,166,31,9,1027,54,172,197,504,100,16.72,4.81,0,0,0.6639,complete,train,1,20260805,1.0.0
H02-2023-W17,H02,medium_regional,north,69,2023,17,2023-04-24,558,104,45,102,174,24,7,1014,68,147,207,467,125,16.87,5.84,0,0,0.7271,complete,train,1,20260805,1.0.0
H02-2023-W18,H02,medium_regional,north,70,2023,18,2023-05-01,603,107,67,121,213,18,3,1132,71,191,251,501,118,17.84,2.07,1,0,0.86,extreme_but_valid,train,1,20260805,1.0.0
H02-2023-W19,H02,medium_regional,north,71,2023,19,2023-05-08,585,104,67,121,205,15,5,1102,67,172,218,512,133,17.2,3.43,0,0,0.8421,extreme_but_valid,train,1,20260805,1.0.0
H02-2023-W20,H02,medium_regional,north,72,2023,20,2023-05-15,652,124,77,110,209,12,4,1188,75,186,251,551,125,16.73,11.38,0,0,0.8695,extreme_but_valid,train,1,20260805,1.0.0
H02-2023-W21,H02,medium_regional,north,73,2023,21,2023-05-22,615,97,79,127,196,21,6,1141,75,175,221,538,132,16.17,3.08,0,0,0.7947,extreme_but_valid,train,1,20260805,1.0.0
H02-2023-W22,H02,medium_regional,north,74,2023,22,2023-05-29,657,109,84,151,224,18,6,1249,81,200,244,578,146,15.43,9.01,0,0,0.7842,extreme_but_valid,train,1,20260805,1.0.0
H02-2023-W23,H02,medium_regional,north,75,2023,23,2023-06-05,622,107,67,97,199,16,5,1113,69,172,253,479,140,15.23,5.66,0,0,0.765,complete,train,1,20260805,1.0.0
H02-2023-W24,H02,medium_regional,north,76,2023,24,2023-06-12,619,94,56,98,185,13,3,1068,70,154,215,513,116,15.7,8.45,0,0,0.7706,complete,train,1,20260805,1.0.0
H02-2023-W25,H02,medium_regional,north,77,2023,25,2023-06-19,539,75,47,87,172,19,8,947,59,138,176,466,108,13.43,5.95,0,0,0.7294,complete,train,1,20260805,1.0.0
H02-2023-W26,H02,medium_regional,north,78,2023,26,2023-06-26,524,74,66,97,192,13,5,971,53,151,200,476,91,13.11,5.21,0,0,0.6631,complete,train,1,20260805,1.0.0
H02-2023-W27,H02,medium_regional,north,79,2023,27,2023-07-03,527,73,60,89,168,9,3,929,48,139,183,444,115,14.56,5.81,0,1,0.555,complete,train,1,20260805,1.0.0
H02-2023-W28,H02,medium_regional,north,80,2023,28,2023-07-10,499,70,50,69,165,17,7,877,52,139,161,432,93,15.25,7.32,0,1,0.4151,complete,train,1,20260805,1.0.0
H02-2023-W29,H02,medium_regional,north,81,2023,29,2023-07-17,454,47,34,63,146,10,2,756,47,119,154,353,83,13.38,10.85,0,1,0.4051,complete,train,1,20260805,1.0.0
H02-2023-W30,H02,medium_regional,north,82,2023,30,2023-07-24,434,46,29,66,137,6,3,721,43,87,144,370,77,14.3,4.0,0,1,0.3227,complete,train,1,20260805,1.0.0
H02-2023-W31,H02,medium_regional,north,83,2023,31,2023-07-31,417,34,35,61,119,14,6,686,37,98,126,346,79,12.64,4.64,0,0,0.3034,complete,train,1,20260805,1.0.0
H02-2023-W32,H02,medium_regional,north,84,2023,32,2023-08-07,389,26,34,57,132,16,4,658,22,88,135,335,78,13.89,3.84,0,0,0.2399,complete,train,1,20260805,1.0.0
H02-2023-W33,H02,medium_regional,north,85,2023,33,2023-08-14,405,28,31,41,130,13,7,655,30,88,126,348,63,13.75,3.41,0,0,0.2397,complete,train,1,20260805,1.0.0
H02-2023-W34,H02,medium_regional,north,86,2023,34,2023-08-21,392,19,28,52,110,13,6,620,47,89,129,284,71,14.09,5.74,0,0,0.1987,complete,train,1,20260805,1.0.0
H02-2023-W35,H02,medium_regional,north,87,2023,35,2023-08-28,368,10,21,42,106,9,3,559,35,91,110,255,68,16.44,6.21,0,0,0.1893,complete,train,1,20260805,1.0.0
H02-2023-W36,H02,medium_regional,north,88,2023,36,2023-09-04,349,17,22,54,104,16,7,569,37,78,114,274,66,15.91,2.65,0,0,0.2587,complete,train,1,20260805,1.0.0
H02-2023-W37,H02,medium_regional,north,89,2023,37,2023-09-11,338,7,32,29,111,12,5,534,29,73,97,272,63,16.29,3.07,0,0,0.1927,complete,train,1,20260805,1.0.0
H02-2023-W38,H02,medium_regional,north,90,2023,38,2023-09-18,347,5,23,54,88,11,2,530,34,72,82,269,73,17.37,2.28,1,0,0.1691,complete,train,1,20260805,1.0.0
H02-2023-W39,H02,medium_regional,north,91,2023,39,2023-09-25,355,13,30,35,103,13,5,554,37,68,108,293,48,18.22,2.16,1,0,0.2034,complete,train,1,20260805,1.0.0
H02-2023-W40,H02,medium_regional,north,92,2023,40,2023-10-02,324,9,28,37,95,10,1,504,36,52,114,239,63,17.27,2.85,0,0,0.2343,complete,train,1,20260805,1.0.0
H02-2023-W41,H02,medium_regional,north,93,2023,41,2023-10-09,292,11,22,45,112,9,4,495,27,63,85,249,71,17.38,4.57,0,0,0.1786,complete,train,1,20260805,1.0.0
H02-2023-W42,H02,medium_regional,north,94,2023,42,2023-10-16,274,7,26,49,102,16,3,477,24,71,93,234,55,17.4,2.76,0,0,0.1278,complete,train,1,20260805,1.0.0
H02-2023-W43,H02,medium_regional,north,95,2023,43,2023-10-23,271,10,27,33,101,12,5,459,20,61,85,245,48,19.08,1.46,0,0,0.1829,complete,train,1,20260805,1.0.0
H02-2023-W44,H02,medium_regional,north,96,2023,44,2023-10-30,298,8,22,41,98,18,10,495,38,63,92,243,59,19.37,2.52,0,0,0.2624,complete,train,1,20260805,1.0.0
H02-2023-W45,H02,medium_regional,north,97,2023,45,2023-11-06,277,8,26,37,101,11,3,463,32,62,76,245,48,19.56,3.1,0,0,0.1163,complete,train,1,20260805,1.0.0
H02-2023-W46,H02,medium_regional,north,98,2023,46,2023-11-13,239,4,13,42,111,13,7,429,14,51,90,230,44,19.67,3.71,0,0,0.0753,complete,train,1,20260805,1.0.0
H02-2023-W47,H02,medium_regional,north,99,2023,47,2023-11-20,274,11,25,32,98,12,2,454,25,51,90,237,51,20.54,1.07,0,0,0.1095,complete,train,1,20260805,1.0.0
H02-2023-W48,H02,medium_regional,north,100,2023,48,2023-11-27,321,9,16,38,92,9,2,487,35,71,84,237,60,20.96,1.82,0,0,0.1031,complete,train,1,20260805,1.0.0
H02-2023-W49,H02,medium_regional,north,101,2023,49,2023-12-04,277,13,22,27,89,13,3,444,25,59,90,220,50,21.66,2.13,0,0,0.0694,complete,train,1,20260805,1.0.0
H02-2023-W50,H02,medium_regional,north,102,2023,50,2023-12-11,247,5,21,23,80,14,3,393,21,48,70,208,46,22.39,0.38,0,0,0.0561,complete,train,1,20260805,1.0.0
H02-2023-W51,H02,medium_regional,north,103,2023,51,2023-12-18,217,11,30,27,102,13,6,406,27,67,84,189,39,21.74,1.98,0,0,0.0,complete,train,1,20260805,1.0.0
H02-2023-W52,H02,medium_regional,north,104,2023,52,2023-12-25,312,10,15,30,76,11,3,457,17,69,76,239,56,23.16,0.85,1,0,0.022,complete,train,1,20260805,1.0.0
H02-2024-W01,H02,medium_regional,north,105,2024,1,2024-01-01,282,15,17,31,75,18,12,450,24,66,80,233,47,22.31,0.68,1,0,0.05,complete,train,1,20260805,1.0.0
H02-2024-W02,H02,medium_regional,north,106,2024,2,2024-01-08,241,11,17,27,95,16,9,416,14,65,91,207,39,22.35,2.09,0,0,0.0333,complete,train,1,20260805,1.0.0
H02-2024-W03,H02,medium_regional,north,107,2024,3,2024-01-15,231,17,12,30,98,14,2,404,21,70,71,204,38,22.46,2.58,0,0,0.017,complete,train,1,20260805,1.0.0
H02-2024-W04,H02,medium_regional,north,108,2024,4,2024-01-22,225,21,29,32,78,17,9,411,20,68,75,204,44,24.41,1.62,0,0,0.0834,complete,train,1,20260805,1.0.0
H02-2024-W05,H02,medium_regional,north,109,2024,5,2024-01-29,212,16,19,44,84,17,3,395,27,51,86,185,46,22.4,0.7,0,0,0.0816,complete,train,1,20260805,1.0.0
H02-2024-W06,H02,medium_regional,north,110,2024,6,2024-02-05,216,23,17,36,82,18,4,396,38,59,68,191,40,22.08,11.92,0,0,0.1251,complete,train,1,20260805,1.0.0
H02-2024-W07,H02,medium_regional,north,111,2024,7,2024-02-12,236,21,21,50,88,20,5,441,29,69,79,218,46,23.05,0.51,0,0,0.0814,complete,train,1,20260805,1.0.0
H02-2024-W08,H02,medium_regional,north,112,2024,8,2024-02-19,283,26,28,30,87,21,8,483,33,55,102,219,74,21.98,0.48,0,0,0.189,complete,train,1,20260805,1.0.0
H02-2024-W09,H02,medium_regional,north,113,2024,9,2024-02-26,319,35,39,56,102,17,9,577,18,81,119,285,74,21.93,1.21,0,0,0.2609,complete,train,1,20260805,1.0.0
H02-2024-W10,H02,medium_regional,north,114,2024,10,2024-03-04,315,49,28,55,135,14,6,602,26,81,130,297,68,22.48,2.66,0,0,0.2587,complete,train,1,20260805,1.0.0
H02-2024-W11,H02,medium_regional,north,115,2024,11,2024-03-11,368,39,43,61,146,19,8,684,43,90,127,345,79,21.28,3.56,0,0,0.3412,complete,train,1,20260805,1.0.0
H02-2024-W12,H02,medium_regional,north,116,2024,12,2024-03-18,389,61,34,57,150,13,5,709,37,85,134,379,74,20.56,1.18,0,0,0.4579,complete,train,1,20260805,1.0.0
H02-2024-W13,H02,medium_regional,north,117,2024,13,2024-03-25,395,69,37,75,148,20,8,752,54,105,151,357,85,21.2,1.77,0,0,0.4708,complete,train,1,20260805,1.0.0
H02-2024-W14,H02,medium_regional,north,118,2024,14,2024-04-01,431,75,51,78,186,10,5,836,42,139,155,401,99,21.04,4.42,0,0,0.627,complete,train,1,20260805,1.0.0
H02-2024-W15,H02,medium_regional,north,119,2024,15,2024-04-08,524,84,66,108,173,17,5,977,53,155,209,443,117,18.46,6.07,1,0,0.6693,complete,train,1,20260805,1.0.0
H02-2024-W16,H02,medium_regional,north,120,2024,16,2024-04-15,568,88,56,124,175,9,4,1024,69,143,222,480,110,17.49,8.72,0,0,0.6355,complete,train,1,20260805,1.0.0
H02-2024-W17,H02,medium_regional,north,121,2024,17,2024-04-22,614,128,70,113,195,9,5,1134,63,187,223,526,135,17.11,4.92,0,0,0.8147,extreme_but_valid,train,1,20260805,1.0.0
H02-2024-W18,H02,medium_regional,north,122,2024,18,2024-04-29,644,111,71,124,209,15,6,1180,86,172,238,531,153,17.56,5.93,1,0,0.905,extreme_but_valid,train,1,20260805,1.0.0
H02-2024-W19,H02,medium_regional,north,123,2024,19,2024-05-06,567,108,70,117,203,7,4,1076,74,164,204,505,129,16.55,6.93,0,0,0.8413,extreme_but_valid,train,1,20260805,1.0.0
H02-2024-W20,H02,medium_regional,north,124,2024,20,2024-05-13,674,117,69,96,201,11,3,1171,72,205,228,555,111,16.43,2.48,0,0,0.853,extreme_but_valid,train,1,20260805,1.0.0
H02-2024-W21,H02,medium_regional,north,125,2024,21,2024-05-20,637,104,85,143,212,7,3,1191,93,168,253,549,128,16.03,3.8,0,0,0.9407,extreme_but_valid,train,1,20260805,1.0.0
H02-2024-W22,H02,medium_regional,north,126,2024,22,2024-05-27,589,113,65,116,208,11,5,1107,69,173,213,524,128,15.56,3.4,0,0,0.7909,extreme_but_valid,train,1,20260805,1.0.0
H02-2024-W23,H02,medium_regional,north,127,2024,23,2024-06-03,593,106,69,110,174,6,4,1062,66,174,222,486,114,15.18,6.53,0,0,0.785,extreme_but_valid,train,1,20260805,1.0.0
H02-2024-W24,H02,medium_regional,north,128,2024,24,2024-06-10,545,98,64,115,199,6,1,1028,62,151,219,476,120,15.2,4.37,0,0,0.6812,complete,train,1,20260805,1.0.0
H02-2024-W25,H02,medium_regional,north,129,2024,25,2024-06-17,493,99,61,107,179,5,3,947,62,140,196,439,110,14.24,8.23,0,0,0.6616,complete,train,1,20260805,1.0.0
H02-2024-W26,H02,medium_regional,north,130,2024,26,2024-06-24,499,79,65,93,163,10,0,909,42,126,185,453,103,13.98,6.26,0,0,0.6346,complete,train,1,20260805,1.0.0
H02-2024-W27,H02,medium_regional,north,131,2024,27,2024-07-01,438,56,38,94,159,6,1,792,51,139,151,349,102,14.17,4.08,0,1,0.5443,complete,train,1,20260805,1.0.0
H02-2024-W28,H02,medium_regional,north,132,2024,28,2024-07-08,376,71,39,83,161,8,5,743,37,96,132,376,102,12.56,4.5,0,1,0.5138,complete,train,1,20260805,1.0.0
H02-2024-W29,H02,medium_regional,north,133,2024,29,2024-07-15,370,61,41,73,148,11,5,709,43,114,125,354,73,14.4,3.41,0,1,0.3636,complete,train,1,20260805,1.0.0
H02-2024-W30,H02,medium_regional,north,134,2024,30,2024-07-22,375,46,35,60,146,1,0,663,37,88,121,346,71,14.76,5.1,0,1,0.4237,complete,train,1,20260805,1.0.0
H02-2024-W31,H02,medium_regional,north,135,2024,31,2024-07-29,356,32,30,54,140,7,2,621,29,77,120,330,65,15.58,3.73,0,0,0.3404,complete,train,1,20260805,1.0.0
H02-2024-W32,H02,medium_regional,north,136,2024,32,2024-08-05,358,26,32,68,132,7,4,627,28,84,124,305,86,14.07,5.42,0,0,0.2872,complete,train,1,20260805,1.0.0
H02-2024-W33,H02,medium_regional,north,137,2024,33,2024-08-12,365,21,29,38,118,5,1,577,38,69,103,287,80,13.38,3.65,0,0,0.2304,complete,train,1,20260805,1.0.0
H02-2024-W34,H02,medium_regional,north,138,2024,34,2024-08-19,340,22,25,40,122,6,2,557,25,85,91,273,83,14.33,3.69,0,0,0.2587,complete,train,1,20260805,1.0.0
H02-2024-W35,H02,medium_regional,north,139,2024,35,2024-08-26,321,17,36,48,112,8,3,545,34,68,102,264,77,14.71,4.02,0,0,0.2248,complete,train,1,20260805,1.0.0
H02-2024-W36,H02,medium_regional,north,140,2024,36,2024-09-02,366,14,25,41,118,7,2,573,30,76,112,284,71,16.24,9.97,0,0,0.2131,complete,train,1,20260805,1.0.0
H02-2024-W37,H02,medium_regional,north,141,2024,37,2024-09-09,374,12,27,40,108,6,0,567,31,92,106,262,76,16.88,2.43,0,0,0.2073,complete,train,1,20260805,1.0.0
H02-2024-W38,H02,medium_regional,north,142,2024,38,2024-09-16,318,10,27,51,87,8,0,501,21,68,91,262,59,17.09,2.93,1,0,0.272,complete,train,1,20260805,1.0.0
H02-2024-W39,H02,medium_regional,north,143,2024,39,2024-09-23,340,12,17,37,118,4,1,529,34,70,91,263,71,15.95,2.07,1,0,0.1614,complete,train,1,20260805,1.0.0
H02-2024-W40,H02,medium_regional,north,144,2024,40,2024-09-30,280,11,25,44,108,10,2,480,29,68,83,251,49,18.53,4.47,0,0,0.2074,complete,train,1,20260805,1.0.0
H02-2024-W41,H02,medium_regional,north,145,2024,41,2024-10-07,281,4,21,38,124,9,2,479,28,70,96,236,49,18.18,3.29,0,0,0.2006,complete,train,1,20260805,1.0.0
H02-2024-W42,H02,medium_regional,north,146,2024,42,2024-10-14,260,9,21,37,111,4,0,442,25,50,97,220,50,20.12,10.92,0,0,0.3332,complete,train,1,20260805,1.0.0
H02-2024-W43,H02,medium_regional,north,147,2024,43,2024-10-21,316,15,23,41,100,9,3,507,33,67,81,269,57,19.93,1.97,0,0,0.1505,complete,train,1,20260805,1.0.0
H02-2024-W44,H02,medium_regional,north,148,2024,44,2024-10-28,279,10,22,48,105,5,2,471,24,65,89,232,61,19.57,4.31,0,0,0.0759,complete,train,1,20260805,1.0.0
H02-2024-W45,H02,medium_regional,north,149,2024,45,2024-11-04,244,3,22,33,103,4,2,411,20,57,69,214,51,20.38,2.97,0,0,0.0799,complete,train,1,20260805,1.0.0
H02-2024-W46,H02,medium_regional,north,150,2024,46,2024-11-11,251,9,20,29,114,2,1,426,30,52,69,222,53,20.28,0.89,0,0,0.2071,complete,train,1,20260805,1.0.0
H02-2024-W47,H02,medium_regional,north,151,2024,47,2024-11-18,231,6,22,33,91,7,3,393,24,52,67,219,31,19.59,2.55,0,0,0.0934,complete,train,1,20260805,1.0.0
H02-2024-W48,H02,medium_regional,north,152,2024,48,2024-11-25,240,10,23,38,103,10,3,427,18,62,89,191,67,21.7,4.04,0,0,0.0621,complete,train,1,20260805,1.0.0
H02-2024-W49,H02,medium_regional,north,153,2024,49,2024-12-02,214,9,18,28,99,6,0,374,16,54,65,204,35,21.73,2.53,0,0,0.1077,complete,train,1,20260805,1.0.0
H02-2024-W50,H02,medium_regional,north,154,2024,50,2024-12-09,213,14,18,21,90,4,2,362,15,59,73,177,38,22.49,0.29,0,0,0.114,complete,train,1,20260805,1.0.0
H02-2024-W51,H02,medium_regional,north,155,2024,51,2024-12-16,195,9,10,30,87,3,0,334,19,47,75,149,44,22.79,1.07,0,0,0.0871,complete,train,1,20260805,1.0.0
H02-2024-W52,H02,medium_regional,north,156,2024,52,2024-12-23,231,11,23,22,79,5,1,372,16,49,74,182,51,22.82,2.3,1,0,0.1106,complete,train,1,20260805,1.0.0
H02-2025-W01,H02,medium_regional,north,157,2025,1,2024-12-30,203,13,17,24,94,9,3,363,18,39,75,183,48,22.97,2.25,1,0,0.0,complete,test,1,20260805,1.0.0
H02-2025-W02,H02,medium_regional,north,158,2025,2,2025-01-06,203,18,15,21,90,10,5,362,22,57,57,176,50,24.21,1.5,0,0,0.1044,complete,test,1,20260805,1.0.0
H02-2025-W03,H02,medium_regional,north,159,2025,3,2025-01-13,235,14,16,27,77,9,2,380,18,38,79,191,54,22.52,6.93,0,0,0.0038,complete,test,1,20260805,1.0.0
H02-2025-W04,H02,medium_regional,north,160,2025,4,2025-01-20,235,18,22,27,80,5,1,388,20,49,73,190,56,22.55,4.0,0,0,0.0,complete,test,1,20260805,1.0.0
H02-2025-W05,H02,medium_regional,north,161,2025,5,2025-01-27,282,17,22,29,68,6,1,425,19,55,82,224,45,22.71,1.32,0,0,0.0663,complete,test,1,20260805,1.0.0
H02-2025-W06,H02,medium_regional,north,162,2025,6,2025-02-03,271,24,23,36,74,9,3,440,25,59,82,225,49,24.12,2.74,0,0,0.0233,complete,test,1,20260805,1.0.0
H02-2025-W07,H02,medium_regional,north,163,2025,7,2025-02-10,271,26,27,45,84,8,3,464,34,69,89,222,50,21.45,5.2,0,0,0.1544,complete,test,1,20260805,1.0.0
H02-2025-W08,H02,medium_regional,north,164,2025,8,2025-02-17,300,30,19,43,100,12,5,509,28,66,100,250,65,21.73,5.83,0,0,0.1821,complete,test,1,20260805,1.0.0
H02-2025-W09,H02,medium_regional,north,165,2025,9,2025-02-24,330,42,32,46,106,11,3,570,23,91,101,292,63,22.56,2.45,0,0,0.1642,complete,test,1,20260805,1.0.0
H02-2025-W10,H02,medium_regional,north,166,2025,10,2025-03-03,315,54,36,53,133,15,4,610,34,87,126,298,65,21.25,2.55,0,0,0.2968,complete,test,1,20260805,1.0.0
H02-2025-W11,H02,medium_regional,north,167,2025,11,2025-03-10,376,66,36,75,129,8,3,693,35,114,151,311,82,20.72,1.3,0,0,0.2914,complete,test,1,20260805,1.0.0
H02-2025-W12,H02,medium_regional,north,168,2025,12,2025-03-17,378,66,47,62,140,6,0,699,35,91,158,331,84,22.75,2.05,0,0,0.5029,complete,test,1,20260805,1.0.0
H02-2025-W13,H02,medium_regional,north,169,2025,13,2025-03-24,447,68,42,77,169,4,1,808,38,115,160,405,90,19.94,2.26,0,0,0.4258,complete,test,1,20260805,1.0.0
H02-2025-W14,H02,medium_regional,north,170,2025,14,2025-03-31,497,98,45,91,151,7,3,892,62,125,176,423,106,19.06,2.37,0,0,0.5767,complete,test,1,20260805,1.0.0
H02-2025-W15,H02,medium_regional,north,171,2025,15,2025-04-07,525,92,70,91,139,9,2,928,52,152,194,415,115,19.55,8.93,1,0,0.6156,complete,test,1,20260805,1.0.0
H02-2025-W16,H02,medium_regional,north,172,2025,16,2025-04-14,514,92,72,114,175,5,2,974,63,136,222,451,102,17.76,1.68,0,0,0.6901,complete,test,1,20260805,1.0.0
H02-2025-W17,H02,medium_regional,north,173,2025,17,2025-04-21,580,126,63,106,212,7,4,1098,69,154,200,530,145,18.47,3.3,0,0,0.762,complete,test,1,20260805,1.0.0
H02-2025-W18,H02,medium_regional,north,174,2025,18,2025-04-28,659,114,63,123,213,4,2,1178,99,175,245,521,138,17.45,3.26,1,0,0.849,extreme_but_valid,test,1,20260805,1.0.0
H02-2025-W19,H02,medium_regional,north,175,2025,19,2025-05-05,634,129,81,118,231,5,2,1200,76,170,260,556,138,16.5,4.45,0,0,0.8131,extreme_but_valid,test,1,20260805,1.0.0
H02-2025-W20,H02,medium_regional,north,176,2025,20,2025-05-12,681,137,71,113,191,7,8,1208,78,183,250,556,141,17.05,2.7,0,0,0.8662,extreme_but_valid,test,1,20260805,1.0.0
H02-2025-W21,H02,medium_regional,north,177,2025,21,2025-05-19,661,126,70,133,203,2,1,1196,74,191,234,562,135,16.74,2.58,0,0,0.8072,extreme_but_valid,test,1,20260805,1.0.0
H02-2025-W22,H02,medium_regional,north,178,2025,22,2025-05-26,640,138,77,113,220,3,2,1193,90,203,256,527,117,15.39,3.79,0,0,0.7909,extreme_but_valid,test,1,20260805,1.0.0
H02-2025-W23,H02,medium_regional,north,179,2025,23,2025-06-02,625,104,59,117,218,7,0,1130,80,187,238,509,116,15.19,9.38,0,0,0.8417,extreme_but_valid,test,1,20260805,1.0.0
H02-2025-W24,H02,medium_regional,north,180,2025,24,2025-06-09,615,124,65,91,186,5,3,1089,81,163,240,478,127,14.11,3.03,0,0,0.6925,complete,test,1,20260805,1.0.0
H02-2025-W25,H02,medium_regional,north,181,2025,25,2025-06-16,547,96,54,94,184,6,2,983,64,144,198,457,120,15.23,3.92,0,0,0.6221,complete,test,1,20260805,1.0.0
H02-2025-W26,H02,medium_regional,north,182,2025,26,2025-06-23,504,89,57,81,147,2,0,880,48,149,152,432,99,14.76,3.23,0,0,0.6159,complete,test,1,20260805,1.0.0
H02-2025-W27,H02,medium_regional,north,183,2025,27,2025-06-30,494,81,62,93,142,8,2,882,57,130,174,430,91,13.01,7.57,0,1,0.5,complete,test,1,20260805,1.0.0
H02-2025-W28,H02,medium_regional,north,184,2025,28,2025-07-07,430,59,42,89,137,4,1,762,60,128,126,363,85,13.75,4.6,0,1,0.4224,complete,test,1,20260805,1.0.0
H02-2025-W29,H02,medium_regional,north,185,2025,29,2025-07-14,415,48,42,77,140,3,0,725,41,91,141,353,99,14.13,6.48,0,1,0.3126,complete,test,1,20260805,1.0.0
H02-2025-W30,H02,medium_regional,north,186,2025,30,2025-07-21,371,43,46,65,131,3,2,661,39,95,126,327,74,14.49,7.61,0,1,0.4036,complete,test,1,20260805,1.0.0
H02-2025-W31,H02,medium_regional,north,187,2025,31,2025-07-28,351,45,28,53,133,2,1,613,26,94,128,294,71,13.55,12.8,0,0,0.3637,complete,test,1,20260805,1.0.0
H02-2025-W32,H02,medium_regional,north,188,2025,32,2025-08-04,290,31,24,42,126,6,1,520,29,94,100,245,52,15.25,4.74,0,0,0.3258,complete,test,1,20260805,1.0.0
H02-2025-W33,H02,medium_regional,north,189,2025,33,2025-08-11,338,31,23,51,124,4,0,571,39,72,114,260,86,14.86,6.17,0,0,0.1806,complete,test,1,20260805,1.0.0
H02-2025-W34,H02,medium_regional,north,190,2025,34,2025-08-18,339,18,21,44,105,3,1,531,29,73,93,271,65,14.83,5.41,0,0,0.3061,complete,test,1,20260805,1.0.0
H02-2025-W35,H02,medium_regional,north,191,2025,35,2025-08-25,397,20,26,54,117,1,3,618,34,80,129,294,81,13.88,3.67,0,0,0.2131,complete,test,1,20260805,1.0.0
H02-2025-W36,H02,medium_regional,north,192,2025,36,2025-09-01,403,13,25,39,125,6,1,612,42,96,108,296,70,15.64,5.82,0,0,0.2515,complete,test,1,20260805,1.0.0
H03-2022-W01,H03,medium_regional,central,1,2022,1,2022-01-03,241,11,14,27,78,40,16,427,28,76,85,194,44,20.53,2.08,1,0,0.0609,complete,train,1,20260805,1.0.0
H03-2022-W02,H03,medium_regional,central,2,2022,2,2022-01-10,253,11,17,27,75,40,19,442,17,58,88,219,60,20.12,1.66,0,0,0.0,complete,train,1,20260805,1.0.0
H03-2022-W03,H03,medium_regional,central,3,2022,3,2022-01-17,295,8,24,27,100,40,16,510,27,80,97,243,63,21.61,1.74,0,0,0.0063,complete,train,1,20260805,1.0.0
H03-2022-W04,H03,medium_regional,central,4,2022,4,2022-01-24,306,18,10,31,95,66,25,551,41,55,90,286,79,20.36,1.67,0,0,0.1347,complete,train,1,20260805,1.0.0
H03-2022-W05,H03,medium_regional,central,5,2022,5,2022-01-31,321,17,30,30,105,65,18,586,36,73,112,299,66,19.54,1.12,0,0,0.0373,complete,train,1,20260805,1.0.0
H03-2022-W06,H03,medium_regional,central,6,2022,6,2022-02-07,364,14,16,41,106,76,25,642,37,83,144,302,76,19.74,0.74,0,0,0.1032,complete,train,1,20260805,1.0.0
H03-2022-W07,H03,medium_regional,central,7,2022,7,2022-02-14,317,22,25,43,99,70,14,590,35,78,109,309,59,20.88,1.55,0,0,0.1268,complete,train,1,20260805,1.0.0
H03-2022-W08,H03,medium_regional,central,8,2022,8,2022-02-21,336,31,25,54,120,72,15,653,34,91,126,317,85,19.01,2.66,0,0,0.1759,complete,train,1,20260805,1.0.0
H03-2022-W09,H03,medium_regional,central,9,2022,9,2022-02-28,343,27,26,51,107,89,24,667,28,94,143,308,94,17.99,4.54,0,0,0.2115,complete,train,1,20260805,1.0.0
H03-2022-W10,H03,medium_regional,central,10,2022,10,2022-03-07,396,43,58,59,126,74,31,787,50,102,158,390,87,18.67,2.99,0,0,0.3275,complete,train,1,20260805,1.0.0
H03-2022-W11,H03,medium_regional,central,11,2022,11,2022-03-14,435,48,39,65,141,71,36,835,53,131,158,406,87,17.73,3.5,0,0,0.2957,complete,train,1,20260805,1.0.0
H03-2022-W12,H03,medium_regional,central,12,2022,12,2022-03-21,496,57,41,69,152,62,20,897,52,128,184,426,107,16.74,14.44,0,0,0.3969,complete,train,1,20260805,1.0.0
H03-2022-W13,H03,medium_regional,central,13,2022,13,2022-03-28,528,61,58,106,165,62,21,1001,65,137,215,477,107,15.55,8.46,0,0,0.5204,complete,train,1,20260805,1.0.0
H03-2022-W14,H03,medium_regional,central,14,2022,14,2022-04-04,570,68,58,82,193,54,17,1042,59,162,217,483,121,15.21,7.89,0,0,0.5026,complete,train,1,20260805,1.0.0
H03-2022-W15,H03,medium_regional,central,15,2022,15,2022-04-11,635,82,62,109,190,48,17,1143,79,188,213,526,137,15.21,10.17,1,0,0.6072,complete,train,1,20260805,1.0.0
H03-2022-W16,H03,medium_regional,central,16,2022,16,2022-04-18,662,82,60,115,199,47,20,1185,93,177,242,550,123,13.33,9.75,0,0,0.6588,complete,train,1,20260805,1.0.0
H03-2022-W17,H03,medium_regional,central,17,2022,17,2022-04-25,664,101,85,116,218,56,23,1263,96,195,257,583,132,14.94,9.55,0,0,0.7423,complete,train,1,20260805,1.0.0
H03-2022-W18,H03,medium_regional,central,18,2022,18,2022-05-02,704,131,70,127,232,30,10,1304,97,214,283,576,134,12.23,11.1,1,0,0.8119,extreme_but_valid,train,1,20260805,1.0.0
H03-2022-W19,H03,medium_regional,central,19,2022,19,2022-05-09,690,119,63,117,229,51,15,1284,74,199,274,603,134,12.64,11.13,0,0,0.8028,extreme_but_valid,train,1,20260805,1.0.0
H03-2022-W20,H03,medium_regional,central,20,2022,20,2022-05-16,689,97,86,147,250,44,18,1331,81,206,257,650,137,10.0,11.84,0,0,0.8286,extreme_but_valid,train,1,20260805,1.0.0
H03-2022-W21,H03,medium_regional,central,21,2022,21,2022-05-23,708,114,77,147,224,26,16,1312,69,181,286,616,160,11.44,15.57,0,0,0.8588,extreme_but_valid,train,1,20260805,1.0.0
H03-2022-W22,H03,medium_regional,central,22,2022,22,2022-05-30,685,105,91,130,237,35,16,1299,88,192,247,614,158,8.95,19.65,0,0,0.8238,extreme_but_valid,train,1,20260805,1.0.0
H03-2022-W23,H03,medium_regional,central,23,2022,23,2022-06-06,690,102,75,141,215,34,16,1273,84,182,252,615,140,8.64,15.74,0,0,0.7929,extreme_but_valid,train,1,20260805,1.0.0
H03-2022-W24,H03,medium_regional,central,24,2022,24,2022-06-13,590,98,74,118,200,30,15,1125,82,182,230,501,130,9.02,19.05,0,0,0.7634,complete,train,1,20260805,1.0.0
H03-2022-W25,H03,medium_regional,central,25,2022,25,2022-06-20,635,89,73,90,221,21,11,1140,73,170,246,522,129,7.4,16.11,0,0,0.6448,complete,train,1,20260805,1.0.0
H03-2022-W26,H03,medium_regional,central,26,2022,26,2022-06-27,532,83,60,117,212,33,12,1049,82,130,207,508,122,6.65,17.35,0,0,0.615,complete,train,1,20260805,1.0.0
H03-2022-W27,H03,medium_regional,central,27,2022,27,2022-07-04,465,72,57,93,153,25,12,877,53,147,171,411,95,6.2,17.67,0,1,0.4985,complete,train,1,20260805,1.0.0
H03-2022-W28,H03,medium_regional,central,28,2022,28,2022-07-11,413,57,51,87,173,22,7,810,34,162,144,379,91,8.4,16.69,0,1,0.4152,complete,train,1,20260805,1.0.0
H03-2022-W29,H03,medium_regional,central,29,2022,29,2022-07-18,401,57,57,84,153,34,11,797,40,106,149,389,113,7.71,18.16,0,1,0.43,complete,train,1,20260805,1.0.0
H03-2022-W30,H03,medium_regional,central,30,2022,30,2022-07-25,385,42,35,67,147,21,9,706,45,109,148,321,83,7.97,17.14,0,1,0.3245,complete,train,1,20260805,1.0.0
H03-2022-W31,H03,medium_regional,central,31,2022,31,2022-08-01,380,32,39,61,135,22,13,682,54,94,124,336,74,7.19,22.15,0,0,0.2622,complete,train,1,20260805,1.0.0
H03-2022-W32,H03,medium_regional,central,32,2022,32,2022-08-08,404,28,40,70,124,26,14,706,40,92,147,350,77,8.16,17.21,0,0,0.2865,complete,train,1,20260805,1.0.0
H03-2022-W33,H03,medium_regional,central,33,2022,33,2022-08-15,398,19,40,54,128,24,11,674,38,98,129,327,82,10.06,16.83,0,0,0.2311,complete,train,1,20260805,1.0.0
H03-2022-W34,H03,medium_regional,central,34,2022,34,2022-08-22,363,16,26,48,106,21,4,584,28,82,111,292,71,8.67,17.31,0,0,0.2497,complete,train,1,20260805,1.0.0
H03-2022-W35,H03,medium_regional,central,35,2022,35,2022-08-29,378,20,31,50,138,26,7,650,36,90,135,311,78,9.07,14.34,0,0,0.2335,complete,train,1,20260805,1.0.0
H03-2022-W36,H03,medium_regional,central,36,2022,36,2022-09-05,380,15,21,48,130,30,9,633,55,60,109,320,89,9.84,15.25,0,0,0.197,complete,train,1,20260805,1.0.0
H03-2022-W37,H03,medium_regional,central,37,2022,37,2022-09-12,379,11,31,70,130,33,12,666,35,107,127,317,80,9.11,15.81,0,0,0.2518,complete,train,1,20260805,1.0.0
H03-2022-W38,H03,medium_regional,central,38,2022,38,2022-09-19,399,6,24,47,142,25,8,651,34,78,109,345,85,10.75,13.19,1,0,0.1669,complete,train,1,20260805,1.0.0
H03-2022-W39,H03,medium_regional,central,39,2022,39,2022-09-26,386,10,26,47,122,15,5,611,35,61,138,304,73,11.8,11.33,1,0,0.2204,complete,train,1,20260805,1.0.0
H03-2022-W40,H03,medium_regional,central,40,2022,40,2022-10-03,360,7,31,48,119,31,12,608,31,69,120,320,68,14.0,14.91,0,0,0.1844,complete,train,1,20260805,1.0.0
H03-2022-W41,H03,medium_regional,central,41,2022,41,2022-10-10,344,6,26,45,102,33,19,575,33,79,99,280,84,13.51,9.04,0,0,0.162,complete,train,1,20260805,1.0.0
H03-2022-W42,H03,medium_regional,central,42,2022,42,2022-10-17,387,12,26,39,113,26,5,608,32,84,120,293,79,14.27,8.42,0,0,0.1573,complete,train,1,20260805,1.0.0
H03-2022-W43,H03,medium_regional,central,43,2022,43,2022-10-24,335,9,22,54,95,24,12,551,37,80,107,265,62,14.62,8.08,0,0,0.2736,complete,train,1,20260805,1.0.0
H03-2022-W44,H03,medium_regional,central,44,2022,44,2022-10-31,290,7,30,42,108,28,6,511,33,66,102,254,56,15.48,9.17,0,0,0.0987,complete,train,1,20260805,1.0.0
H03-2022-W45,H03,medium_regional,central,45,2022,45,2022-11-07,317,11,26,48,99,20,8,529,26,68,117,245,73,15.03,6.84,0,0,0.1411,complete,train,1,20260805,1.0.0
H03-2022-W46,H03,medium_regional,central,46,2022,46,2022-11-14,288,8,34,48,82,33,6,499,28,68,113,225,65,16.39,6.84,0,0,0.1253,complete,train,1,20260805,1.0.0
H03-2022-W47,H03,medium_regional,central,47,2022,47,2022-11-21,272,6,18,45,100,26,11,478,28,68,83,240,59,19.23,5.24,0,0,0.1688,complete,train,1,20260805,1.0.0
H03-2022-W48,H03,medium_regional,central,48,2022,48,2022-11-28,297,7,26,29,108,20,5,492,20,60,82,266,64,17.08,5.3,0,0,0.1017,complete,train,1,20260805,1.0.0
H03-2022-W49,H03,medium_regional,central,49,2022,49,2022-12-05,234,9,15,46,103,28,14,449,22,58,92,232,45,18.15,3.28,0,0,0.1097,complete,train,1,20260805,1.0.0
H03-2022-W50,H03,medium_regional,central,50,2022,50,2022-12-12,196,5,16,43,86,27,4,377,21,52,65,191,48,18.44,6.81,0,0,0.0635,complete,train,1,20260805,1.0.0
H03-2022-W51,H03,medium_regional,central,51,2022,51,2022-12-19,276,3,17,31,96,20,12,455,17,65,89,243,41,19.37,3.7,0,0,0.0,complete,train,1,20260805,1.0.0
H03-2022-W52,H03,medium_regional,central,52,2022,52,2022-12-26,265,6,23,27,93,31,8,453,21,66,85,225,56,20.68,0.84,1,0,0.0124,complete,train,1,20260805,1.0.0
H03-2023-W01,H03,medium_regional,central,53,2023,1,2023-01-02,289,12,23,37,99,34,16,510,20,72,101,247,70,19.97,1.98,1,0,0.0934,complete,train,1,20260805,1.0.0
H03-2023-W02,H03,medium_regional,central,54,2023,2,2023-01-09,260,7,27,30,94,16,4,438,24,49,90,235,40,20.19,1.24,0,0,0.0,complete,train,1,20260805,1.0.0
H03-2023-W03,H03,medium_regional,central,55,2023,3,2023-01-16,302,12,24,40,100,25,7,510,30,66,89,257,68,19.79,2.63,0,0,0.0,complete,train,1,20260805,1.0.0
H03-2023-W04,H03,medium_regional,central,56,2023,4,2023-01-23,274,17,30,35,89,35,12,492,23,66,101,244,58,19.66,1.23,0,0,0.0839,complete,train,1,20260805,1.0.0
H03-2023-W05,H03,medium_regional,central,57,2023,5,2023-01-30,258,16,17,32,102,53,20,498,25,56,94,271,52,20.02,0.79,0,0,0.0168,complete,train,1,20260805,1.0.0
H03-2023-W06,H03,medium_regional,central,58,2023,6,2023-02-06,252,14,16,40,108,41,22,493,29,85,86,240,53,20.3,0.73,0,0,0.1191,complete,train,1,20260805,1.0.0
H03-2023-W07,H03,medium_regional,central,59,2023,7,2023-02-13,312,32,26,51,111,41,12,585,36,81,112,286,70,19.21,0.96,0,0,0.0938,complete,train,1,20260805,1.0.0
H03-2023-W08,H03,medium_regional,central,60,2023,8,2023-02-20,337,34,25,52,112,29,7,596,28,74,125,304,65,17.9,2.98,0,0,0.251,complete,train,1,20260805,1.0.0
H03-2023-W09,H03,medium_regional,central,61,2023,9,2023-02-27,360,41,37,53,110,30,8,639,36,84,126,317,76,17.93,3.39,0,0,0.2448,complete,train,1,20260805,1.0.0
H03-2023-W10,H03,medium_regional,central,62,2023,10,2023-03-06,426,40,44,66,136,25,5,742,36,112,144,370,80,17.91,5.48,0,0,0.2276,complete,train,1,20260805,1.0.0
H03-2023-W11,H03,medium_regional,central,63,2023,11,2023-03-13,454,49,41,60,146,37,10,797,36,126,165,384,86,18.72,5.78,0,0,0.3307,complete,train,1,20260805,1.0.0
H03-2023-W12,H03,medium_regional,central,64,2023,12,2023-03-20,464,64,43,70,144,38,13,836,37,119,168,406,106,17.56,9.85,0,0,0.4015,complete,train,1,20260805,1.0.0
H03-2023-W13,H03,medium_regional,central,65,2023,13,2023-03-27,514,78,46,90,180,38,21,967,57,149,184,486,91,15.53,6.87,0,0,0.4638,complete,train,1,20260805,1.0.0
H03-2023-W14,H03,medium_regional,central,66,2023,14,2023-04-03,482,109,56,81,217,27,11,983,71,160,176,459,117,16.49,7.52,0,0,0.6642,complete,train,1,20260805,1.0.0
H03-2023-W15,H03,medium_regional,central,67,2023,15,2023-04-10,585,96,74,104,186,23,10,1078,55,157,194,517,155,13.96,8.67,1,0,0.607,complete,train,1,20260805,1.0.0
H03-2023-W16,H03,medium_regional,central,68,2023,16,2023-04-17,552,101,61,111,192,20,7,1044,69,140,224,496,115,14.08,9.71,0,0,0.7118,complete,train,1,20260805,1.0.0
H03-2023-W17,H03,medium_regional,central,69,2023,17,2023-04-24,618,109,85,102,215,28,11,1168,63,176,241,558,130,12.94,10.7,0,0,0.7659,complete,train,1,20260805,1.0.0
H03-2023-W18,H03,medium_regional,central,70,2023,18,2023-05-01,674,133,75,111,263,35,14,1305,82,224,250,593,156,11.83,11.52,1,0,0.9252,extreme_but_valid,train,1,20260805,1.0.0
H03-2023-W19,H03,medium_regional,central,71,2023,19,2023-05-08,658,111,66,138,230,21,9,1233,79,196,272,549,137,13.21,11.47,0,0,0.9102,extreme_but_valid,train,1,20260805,1.0.0
H03-2023-W20,H03,medium_regional,central,72,2023,20,2023-05-15,698,131,72,135,233,17,6,1292,82,192,260,603,155,9.94,15.23,0,0,0.8872,extreme_but_valid,train,1,20260805,1.0.0
H03-2023-W21,H03,medium_regional,central,73,2023,21,2023-05-22,669,122,76,143,224,18,9,1261,92,182,271,575,141,11.43,17.71,0,0,0.9487,extreme_but_valid,train,1,20260805,1.0.0
H03-2023-W22,H03,medium_regional,central,74,2023,22,2023-05-29,699,120,82,116,261,14,10,1302,82,201,282,608,129,10.0,18.22,0,0,0.7287,complete,train,1,20260805,1.0.0
H03-2023-W23,H03,medium_regional,central,75,2023,23,2023-06-05,684,112,56,151,239,18,4,1264,79,207,221,610,147,8.61,16.81,0,0,0.8382,extreme_but_valid,train,1,20260805,1.0.0
H03-2023-W24,H03,medium_regional,central,76,2023,24,2023-06-12,629,89,73,135,235,13,7,1181,75,156,239,567,144,9.94,15.94,0,0,0.7718,complete,train,1,20260805,1.0.0
H03-2023-W25,H03,medium_regional,central,77,2023,25,2023-06-19,622,93,67,98,208,13,5,1106,69,182,217,516,122,8.78,16.9,0,0,0.6709,complete,train,1,20260805,1.0.0
H03-2023-W26,H03,medium_regional,central,78,2023,26,2023-06-26,530,84,72,131,194,10,4,1025,69,168,225,457,106,7.74,18.82,0,0,0.6088,complete,train,1,20260805,1.0.0
H03-2023-W27,H03,medium_regional,central,79,2023,27,2023-07-03,471,69,50,93,194,12,3,892,59,122,202,415,94,7.86,16.97,0,1,0.5124,complete,train,1,20260805,1.0.0
H03-2023-W28,H03,medium_regional,central,80,2023,28,2023-07-10,437,66,51,69,172,10,1,806,41,110,176,400,79,8.18,17.83,0,1,0.4262,complete,train,1,20260805,1.0.0
H03-2023-W29,H03,medium_regional,central,81,2023,29,2023-07-17,426,51,50,66,177,12,7,789,42,106,141,417,83,7.69,16.91,0,1,0.3724,complete,train,1,20260805,1.0.0
H03-2023-W30,H03,medium_regional,central,82,2023,30,2023-07-24,388,45,51,68,133,16,5,706,44,96,143,343,80,7.44,16.42,0,1,0.4019,complete,train,1,20260805,1.0.0
H03-2023-W31,H03,medium_regional,central,83,2023,31,2023-07-31,389,47,32,67,134,12,4,685,35,104,143,324,79,8.6,17.07,0,0,0.2874,complete,train,1,20260805,1.0.0
H03-2023-W32,H03,medium_regional,central,84,2023,32,2023-08-07,380,34,42,62,120,13,3,654,23,84,121,342,84,7.37,17.39,0,0,0.3659,complete,train,1,20260805,1.0.0
H03-2023-W33,H03,medium_regional,central,85,2023,33,2023-08-14,377,22,38,63,120,16,10,646,38,96,115,314,83,8.63,15.63,0,0,0.3089,complete,train,1,20260805,1.0.0
H03-2023-W34,H03,medium_regional,central,86,2023,34,2023-08-21,399,24,33,42,121,24,10,653,37,84,128,314,90,8.5,15.62,0,0,0.1296,complete,train,1,20260805,1.0.0
H03-2023-W35,H03,medium_regional,central,87,2023,35,2023-08-28,389,14,35,58,159,17,7,679,31,85,130,346,87,10.25,19.14,0,0,0.2041,complete,train,1,20260805,1.0.0
H03-2023-W36,H03,medium_regional,central,88,2023,36,2023-09-04,338,8,26,51,117,10,4,554,27,73,97,282,75,10.24,20.22,0,0,0.1503,complete,train,1,20260805,1.0.0
H03-2023-W37,H03,medium_regional,central,89,2023,37,2023-09-11,366,6,29,43,116,17,9,586,29,83,109,288,77,10.39,16.17,0,0,0.1681,complete,train,1,20260805,1.0.0
H03-2023-W38,H03,medium_regional,central,90,2023,38,2023-09-18,392,11,27,49,134,15,5,633,51,77,121,319,65,11.47,14.91,1,0,0.2107,complete,train,1,20260805,1.0.0
H03-2023-W39,H03,medium_regional,central,91,2023,39,2023-09-25,402,12,19,61,127,4,2,627,22,87,126,313,79,12.82,13.18,1,0,0.1565,complete,train,1,20260805,1.0.0
H03-2023-W40,H03,medium_regional,central,92,2023,40,2023-10-02,403,8,36,30,103,21,8,609,33,90,121,307,58,13.98,9.94,0,0,0.1671,complete,train,1,20260805,1.0.0
H03-2023-W41,H03,medium_regional,central,93,2023,41,2023-10-09,413,9,28,51,115,8,1,625,30,90,134,298,73,12.58,12.61,0,0,0.1863,complete,train,1,20260805,1.0.0
H03-2023-W42,H03,medium_regional,central,94,2023,42,2023-10-16,359,5,23,44,117,10,3,561,36,80,90,288,67,14.76,10.44,0,0,0.2537,complete,train,1,20260805,1.0.0
H03-2023-W43,H03,medium_regional,central,95,2023,43,2023-10-23,341,7,17,52,99,12,5,533,31,69,104,264,65,13.47,7.65,0,0,0.1552,complete,train,1,20260805,1.0.0
H03-2023-W44,H03,medium_regional,central,96,2023,44,2023-10-30,270,8,32,43,114,9,5,481,19,67,83,259,53,16.64,7.8,0,0,0.0,complete,train,1,20260805,1.0.0
H03-2023-W45,H03,medium_regional,central,97,2023,45,2023-11-06,300,10,27,48,120,10,5,520,28,60,120,240,72,15.61,5.41,0,0,0.1667,complete,train,1,20260805,1.0.0
H03-2023-W46,H03,medium_regional,central,98,2023,46,2023-11-13,312,11,30,41,126,14,5,539,33,59,113,265,69,16.31,6.44,0,0,0.2102,complete,train,1,20260805,1.0.0
H03-2023-W47,H03,medium_regional,central,99,2023,47,2023-11-20,298,6,25,39,105,8,3,484,28,69,97,233,57,18.51,3.73,0,0,0.1161,complete,train,1,20260805,1.0.0
H03-2023-W48,H03,medium_regional,central,100,2023,48,2023-11-27,252,7,10,38,108,9,0,424,24,48,84,223,45,19.4,4.95,0,0,0.0,complete,train,1,20260805,1.0.0
H03-2023-W49,H03,medium_regional,central,101,2023,49,2023-12-04,181,12,25,30,97,16,3,364,24,56,69,173,42,18.86,4.03,0,0,0.0226,complete,train,1,20260805,1.0.0
H03-2023-W50,H03,medium_regional,central,102,2023,50,2023-12-11,223,12,12,34,88,14,4,387,17,61,69,188,52,18.79,3.27,0,0,0.0366,complete,train,1,20260805,1.0.0
H03-2023-W51,H03,medium_regional,central,103,2023,51,2023-12-18,260,14,21,39,87,14,3,438,21,47,92,223,55,18.71,2.64,0,0,0.0,complete,train,1,20260805,1.0.0
H03-2023-W52,H03,medium_regional,central,104,2023,52,2023-12-25,258,12,27,34,92,10,5,438,21,65,77,222,53,19.08,1.13,1,0,0.012,complete,train,1,20260805,1.0.0
H03-2024-W01,H03,medium_regional,central,105,2024,1,2024-01-01,256,11,18,37,82,22,9,435,30,67,68,218,52,20.21,4.81,1,0,0.0,complete,train,1,20260805,1.0.0
H03-2024-W02,H03,medium_regional,central,106,2024,2,2024-01-08,216,12,16,41,93,14,3,395,27,55,73,199,41,19.86,2.23,0,0,0.0,complete,train,1,20260805,1.0.0
H03-2024-W03,H03,medium_regional,central,107,2024,3,2024-01-15,243,11,20,40,92,14,7,427,20,70,73,220,44,21.23,0.24,0,0,0.121,complete,train,1,20260805,1.0.0
H03-2024-W04,H03,medium_regional,central,108,2024,4,2024-01-22,222,12,21,33,121,19,5,433,26,50,94,208,55,21.08,11.83,0,0,0.0319,complete,train,1,20260805,1.0.0
H03-2024-W05,H03,medium_regional,central,109,2024,5,2024-01-29,263,15,28,32,97,16,3,454,21,51,94,243,45,19.31,3.76,0,0,0.0,complete,train,1,20260805,1.0.0
H03-2024-W06,H03,medium_regional,central,110,2024,6,2024-02-05,308,26,15,34,107,12,2,504,31,71,89,249,64,19.26,1.1,0,0,0.101,complete,train,1,20260805,1.0.0
H03-2024-W07,H03,medium_regional,central,111,2024,7,2024-02-12,293,18,28,44,113,24,7,527,25,69,108,265,60,18.47,6.73,0,0,0.1738,complete,train,1,20260805,1.0.0
H03-2024-W08,H03,medium_regional,central,112,2024,8,2024-02-19,356,28,28,49,103,22,5,591,52,64,117,284,74,18.76,5.38,0,0,0.1349,complete,train,1,20260805,1.0.0
H03-2024-W09,H03,medium_regional,central,113,2024,9,2024-02-26,356,29,30,59,130,22,9,635,39,76,140,309,71,18.76,7.41,0,0,0.2353,complete,train,1,20260805,1.0.0
H03-2024-W10,H03,medium_regional,central,114,2024,10,2024-03-04,400,44,40,47,134,24,7,696,40,92,118,357,89,18.29,6.53,0,0,0.333,complete,train,1,20260805,1.0.0
H03-2024-W11,H03,medium_regional,central,115,2024,11,2024-03-11,415,53,44,61,145,16,7,741,46,108,151,367,69,17.42,8.83,0,0,0.3096,complete,train,1,20260805,1.0.0
H03-2024-W12,H03,medium_regional,central,116,2024,12,2024-03-18,396,60,47,84,161,17,7,772,46,126,152,353,95,15.61,8.99,0,0,0.3386,complete,train,1,20260805,1.0.0
H03-2024-W13,H03,medium_regional,central,117,2024,13,2024-03-25,499,70,63,102,160,16,4,914,68,127,181,429,109,15.31,6.78,0,0,0.4143,complete,train,1,20260805,1.0.0
H03-2024-W14,H03,medium_regional,central,118,2024,14,2024-04-01,548,103,59,94,191,15,8,1018,64,153,186,500,115,14.32,6.16,0,0,0.5779,complete,train,1,20260805,1.0.0
H03-2024-W15,H03,medium_regional,central,119,2024,15,2024-04-08,616,105,58,112,200,13,6,1110,62,182,217,527,122,15.99,7.84,1,0,0.5721,complete,train,1,20260805,1.0.0
H03-2024-W16,H03,medium_regional,central,120,2024,16,2024-04-15,610,127,86,121,218,11,4,1177,73,168,247,552,137,12.13,11.01,0,0,0.7321,complete,train,1,20260805,1.0.0
H03-2024-W17,H03,medium_regional,central,121,2024,17,2024-04-22,576,125,74,116,221,18,0,1130,63,167,229,563,108,15.06,13.39,0,0,0.6824,complete,train,1,20260805,1.0.0
H03-2024-W18,H03,medium_regional,central,122,2024,18,2024-04-29,667,119,73,117,214,10,5,1205,87,186,237,564,131,12.42,12.26,1,0,0.7976,extreme_but_valid,train,1,20260805,1.0.0
H03-2024-W19,H03,medium_regional,central,123,2024,19,2024-05-06,656,123,82,136,250,10,4,1261,91,195,216,605,154,11.44,17.94,0,0,0.7954,extreme_but_valid,train,1,20260805,1.0.0
H03-2024-W20,H03,medium_regional,central,124,2024,20,2024-05-13,714,147,79,154,256,14,0,1364,104,200,271,623,166,11.03,12.41,0,0,0.853,extreme_but_valid,train,1,20260805,1.0.0
H03-2024-W21,H03,medium_regional,central,125,2024,21,2024-05-20,698,134,72,150,242,6,1,1303,75,190,291,617,130,10.16,16.17,0,0,0.9118,extreme_but_valid,train,1,20260805,1.0.0
H03-2024-W22,H03,medium_regional,central,126,2024,22,2024-05-27,665,129,89,111,220,6,3,1223,78,187,235,593,130,10.82,14.36,0,0,0.8306,extreme_but_valid,train,1,20260805,1.0.0
H03-2024-W23,H03,medium_regional,central,127,2024,23,2024-06-03,627,98,76,143,216,8,5,1173,86,200,209,537,141,11.01,16.12,0,0,0.8328,extreme_but_valid,train,1,20260805,1.0.0
H03-2024-W24,H03,medium_regional,central,128,2024,24,2024-06-10,640,115,72,109,209,2,2,1149,72,145,235,580,117,8.62,18.15,0,0,0.6768,complete,train,1,20260805,1.0.0
H03-2024-W25,H03,medium_regional,central,129,2024,25,2024-06-17,595,85,68,106,230,10,3,1097,77,136,210,527,147,7.44,17.16,0,0,0.6278,complete,train,1,20260805,1.0.0
H03-2024-W26,H03,medium_regional,central,130,2024,26,2024-06-24,591,88,58,112,172,5,3,1029,65,164,197,477,126,9.65,16.01,0,0,0.6803,complete,train,1,20260805,1.0.0
H03-2024-W27,H03,medium_regional,central,131,2024,27,2024-07-01,571,68,59,63,195,7,3,966,57,123,202,470,114,8.99,17.5,0,1,0.5042,complete,train,1,20260805,1.0.0
H03-2024-W28,H03,medium_regional,central,132,2024,28,2024-07-08,527,51,50,84,180,8,2,902,56,114,167,463,102,8.0,16.05,0,1,0.4273,complete,train,1,20260805,1.0.0
H03-2024-W29,H03,medium_regional,central,133,2024,29,2024-07-15,523,64,38,73,161,7,2,868,55,134,166,406,107,7.96,26.04,0,1,0.4594,complete,train,1,20260805,1.0.0
H03-2024-W30,H03,medium_regional,central,134,2024,30,2024-07-22,465,49,55,56,154,4,1,784,54,99,151,367,113,7.94,17.45,0,1,0.3829,complete,train,1,20260805,1.0.0
H03-2024-W31,H03,medium_regional,central,135,2024,31,2024-07-29,417,34,38,65,132,6,4,696,35,102,136,329,94,8.6,18.34,0,0,0.3678,complete,train,1,20260805,1.0.0
H03-2024-W32,H03,medium_regional,central,136,2024,32,2024-08-05,403,27,39,55,126,9,4,663,27,96,112,345,83,6.89,16.0,0,0,0.3421,complete,train,1,20260805,1.0.0
H03-2024-W33,H03,medium_regional,central,137,2024,33,2024-08-12,328,22,28,62,131,10,2,583,35,82,101,305,60,8.29,16.41,0,0,0.3097,complete,train,1,20260805,1.0.0
H03-2024-W34,H03,medium_regional,central,138,2024,34,2024-08-19,276,16,30,47,114,7,3,493,35,70,88,236,64,10.01,16.4,0,0,0.2869,complete,train,1,20260805,1.0.0
H03-2024-W35,H03,medium_regional,central,139,2024,35,2024-08-26,322,15,35,49,118,10,3,552,21,70,126,263,72,8.68,18.25,0,0,0.3311,complete,train,1,20260805,1.0.0
H03-2024-W36,H03,medium_regional,central,140,2024,36,2024-09-02,373,20,29,52,125,7,3,609,25,78,116,307,83,9.59,15.3,0,0,0.1993,complete,train,1,20260805,1.0.0
H03-2024-W37,H03,medium_regional,central,141,2024,37,2024-09-09,371,20,24,38,105,6,1,565,41,80,98,276,70,9.72,17.13,0,0,0.2314,complete,train,1,20260805,1.0.0
H03-2024-W38,H03,medium_regional,central,142,2024,38,2024-09-16,390,9,30,31,121,13,4,598,29,83,93,315,78,11.32,12.63,1,0,0.1643,complete,train,1,20260805,1.0.0
H03-2024-W39,H03,medium_regional,central,143,2024,39,2024-09-23,368,9,25,45,112,5,1,565,29,81,89,293,73,12.02,16.48,1,0,0.259,complete,train,1,20260805,1.0.0
H03-2024-W40,H03,medium_regional,central,144,2024,40,2024-09-30,283,10,31,28,108,5,2,467,16,60,100,236,55,12.02,10.94,0,0,0.205,complete,train,1,20260805,1.0.0
H03-2024-W41,H03,medium_regional,central,145,2024,41,2024-10-07,348,11,27,53,137,9,2,587,22,77,112,293,83,13.25,12.96,0,0,0.1557,complete,train,1,20260805,1.0.0
H03-2024-W42,H03,medium_regional,central,146,2024,42,2024-10-14,346,7,33,56,129,2,2,575,29,66,112,296,72,14.56,8.75,0,0,0.1831,complete,train,1,20260805,1.0.0
H03-2024-W43,H03,medium_regional,central,147,2024,43,2024-10-21,393,9,31,55,112,9,2,611,32,89,127,305,58,14.46,10.14,0,0,0.1213,complete,train,1,20260805,1.0.0
H03-2024-W44,H03,medium_regional,central,148,2024,44,2024-10-28,315,7,20,43,96,5,1,487,28,62,84,252,61,15.35,8.3,0,0,0.0477,complete,train,1,20260805,1.0.0
H03-2024-W45,H03,medium_regional,central,149,2024,45,2024-11-04,317,9,19,40,109,5,2,501,30,78,86,261,46,14.6,6.17,0,0,0.0646,complete,train,1,20260805,1.0.0
H03-2024-W46,H03,medium_regional,central,150,2024,46,2024-11-11,287,7,19,44,125,7,4,493,28,78,89,225,73,16.82,8.83,0,0,0.1542,complete,train,1,20260805,1.0.0
H03-2024-W47,H03,medium_regional,central,151,2024,47,2024-11-18,215,11,24,43,101,9,3,406,15,48,83,205,55,17.03,3.68,0,0,0.1588,complete,train,1,20260805,1.0.0
H03-2024-W48,H03,medium_regional,central,152,2024,48,2024-11-25,238,7,27,45,96,6,3,422,22,54,90,212,44,16.97,4.04,0,0,0.1068,complete,train,1,20260805,1.0.0
H03-2024-W49,H03,medium_regional,central,153,2024,49,2024-12-02,295,9,19,38,95,8,3,467,30,57,83,236,61,18.51,7.06,0,0,0.1541,complete,train,1,20260805,1.0.0
H03-2024-W50,H03,medium_regional,central,154,2024,50,2024-12-09,253,8,15,35,84,5,2,402,18,67,73,197,47,19.05,3.9,0,0,0.0457,complete,train,1,20260805,1.0.0
H03-2024-W51,H03,medium_regional,central,155,2024,51,2024-12-16,206,6,23,46,91,10,2,384,21,45,66,198,54,19.94,1.9,0,0,0.0,complete,train,1,20260805,1.0.0
H03-2024-W52,H03,medium_regional,central,156,2024,52,2024-12-23,278,10,19,25,88,10,5,435,28,53,79,222,53,21.38,11.07,1,0,0.1521,complete,train,1,20260805,1.0.0
H03-2025-W01,H03,medium_regional,central,157,2025,1,2024-12-30,362,14,26,32,86,6,4,530,17,73,87,293,60,19.43,0.68,1,0,0.0684,complete,test,1,20260805,1.0.0
H03-2025-W02,H03,medium_regional,central,158,2025,2,2025-01-06,316,11,17,26,75,10,6,461,25,79,96,206,55,20.89,1.81,0,0,0.0,complete,test,1,20260805,1.0.0
H03-2025-W03,H03,medium_regional,central,159,2025,3,2025-01-13,287,14,18,35,91,11,3,459,21,66,105,225,42,21.08,1.54,0,0,0.0,complete,test,1,20260805,1.0.0
H03-2025-W04,H03,medium_regional,central,160,2025,4,2025-01-20,269,19,27,33,98,12,7,465,24,65,95,227,54,20.6,3.36,0,0,0.0,complete,test,1,20260805,1.0.0
H03-2025-W05,H03,medium_regional,central,161,2025,5,2025-01-27,267,20,25,28,107,7,5,459,20,72,90,222,55,19.71,0.94,0,0,0.0939,complete,test,1,20260805,1.0.0
H03-2025-W06,H03,medium_regional,central,162,2025,6,2025-02-03,273,22,22,34,103,11,3,468,30,76,84,214,64,20.15,5.09,0,0,0.1473,complete,test,1,20260805,1.0.0
H03-2025-W07,H03,medium_regional,central,163,2025,7,2025-02-10,274,26,39,44,103,15,8,509,30,60,84,285,50,18.53,3.87,0,0,0.1142,complete,test,1,20260805,1.0.0
H03-2025-W08,H03,medium_regional,central,164,2025,8,2025-02-17,338,33,24,44,138,10,0,587,35,82,113,303,54,19.06,4.72,0,0,0.1378,complete,test,1,20260805,1.0.0
H03-2025-W09,H03,medium_regional,central,165,2025,9,2025-02-24,362,39,31,58,119,10,3,622,36,87,108,303,88,18.68,3.46,0,0,0.19,complete,test,1,20260805,1.0.0
H03-2025-W10,H03,medium_regional,central,166,2025,10,2025-03-03,395,56,25,54,121,11,6,668,48,101,113,329,77,18.03,6.86,0,0,0.2967,complete,test,1,20260805,1.0.0
H03-2025-W11,H03,medium_regional,central,167,2025,11,2025-03-10,471,61,39,76,119,9,2,777,49,111,141,373,103,18.61,7.8,0,0,0.3421,complete,test,1,20260805,1.0.0
H03-2025-W12,H03,medium_regional,central,168,2025,12,2025-03-17,497,79,47,73,174,10,6,886,46,85,187,468,100,16.8,4.67,0,0,0.447,complete,test,1,20260805,1.0.0
H03-2025-W13,H03,medium_regional,central,169,2025,13,2025-03-24,532,84,62,82,166,18,4,948,49,148,173,464,114,16.75,8.88,0,0,0.4736,complete,test,1,20260805,1.0.0
H03-2025-W14,H03,medium_regional,central,170,2025,14,2025-03-31,538,87,64,117,168,12,6,992,62,143,209,482,96,15.39,8.15,0,0,0.5503,complete,test,1,20260805,1.0.0
H03-2025-W15,H03,medium_regional,central,171,2025,15,2025-04-07,613,118,58,106,195,5,1,1096,65,172,216,526,117,14.31,10.74,1,0,0.554,complete,test,1,20260805,1.0.0
H03-2025-W16,H03,medium_regional,central,172,2025,16,2025-04-14,640,116,77,105,203,15,6,1162,71,194,260,524,113,15.07,10.18,0,0,0.7688,complete,test,1,20260805,1.0.0
H03-2025-W17,H03,medium_regional,central,173,2025,17,2025-04-21,613,134,73,102,209,9,5,1145,88,172,225,542,118,12.93,11.07,0,0,0.7758,complete,test,1,20260805,1.0.0
H03-2025-W18,H03,medium_regional,central,174,2025,18,2025-04-28,674,134,74,129,229,2,1,1243,77,183,287,563,133,11.44,12.22,1,0,0.8783,extreme_but_valid,test,1,20260805,1.0.0
H03-2025-W19,H03,medium_regional,central,175,2025,19,2025-05-05,679,129,80,137,253,9,2,1289,84,209,272,587,137,10.95,12.99,0,0,0.8262,extreme_but_valid,test,1,20260805,1.0.0
H03-2025-W20,H03,medium_regional,central,176,2025,20,2025-05-12,667,119,92,137,236,2,1,1254,75,226,257,560,136,13.11,12.24,0,0,0.9325,extreme_but_valid,test,1,20260805,1.0.0
H03-2025-W21,H03,medium_regional,central,177,2025,21,2025-05-19,727,161,89,152,279,6,0,1414,96,203,284,679,152,10.6,14.96,0,0,0.792,extreme_but_valid,test,1,20260805,1.0.0
H03-2025-W22,H03,medium_regional,central,178,2025,22,2025-05-26,681,148,56,133,257,4,1,1280,92,220,256,586,126,9.92,14.6,0,0,0.884,extreme_but_valid,test,1,20260805,1.0.0
H03-2025-W23,H03,medium_regional,central,179,2025,23,2025-06-02,637,126,69,121,222,6,0,1181,79,179,239,541,143,9.93,14.45,0,0,0.7396,complete,test,1,20260805,1.0.0
H03-2025-W24,H03,medium_regional,central,180,2025,24,2025-06-09,653,102,89,121,244,5,2,1216,77,176,256,548,159,8.1,17.4,0,0,0.7881,extreme_but_valid,test,1,20260805,1.0.0
H03-2025-W25,H03,medium_regional,central,181,2025,25,2025-06-16,632,97,83,114,192,3,0,1121,61,162,233,534,131,8.98,16.27,0,0,0.6276,complete,test,1,20260805,1.0.0
H03-2025-W26,H03,medium_regional,central,182,2025,26,2025-06-23,547,97,79,99,185,6,4,1017,59,131,200,503,124,8.55,18.08,0,0,0.5377,complete,test,1,20260805,1.0.0
H03-2025-W27,H03,medium_regional,central,183,2025,27,2025-06-30,477,81,60,100,177,5,4,904,47,135,177,451,94,9.74,17.4,0,1,0.6585,complete,test,1,20260805,1.0.0
H03-2025-W28,H03,medium_regional,central,184,2025,28,2025-07-07,531,82,47,98,171,5,3,937,54,125,169,460,129,7.49,17.03,0,1,0.4674,complete,test,1,20260805,1.0.0
H03-2025-W29,H03,medium_regional,central,185,2025,29,2025-07-14,463,63,50,81,151,3,3,814,35,111,159,399,110,7.49,19.7,0,1,0.3603,complete,test,1,20260805,1.0.0
H03-2025-W30,H03,medium_regional,central,186,2025,30,2025-07-21,401,50,39,90,145,4,1,730,47,106,140,351,86,7.06,18.34,0,1,0.3408,complete,test,1,20260805,1.0.0
H03-2025-W31,H03,medium_regional,central,187,2025,31,2025-07-28,357,42,41,59,148,5,0,652,35,87,122,317,91,7.05,19.08,0,0,0.3109,complete,test,1,20260805,1.0.0
H03-2025-W32,H03,medium_regional,central,188,2025,32,2025-08-04,379,37,25,48,123,9,2,623,38,85,118,312,70,7.96,17.06,0,0,0.3598,complete,test,1,20260805,1.0.0
H03-2025-W33,H03,medium_regional,central,189,2025,33,2025-08-11,394,29,28,63,133,3,1,651,27,97,119,341,67,9.66,16.14,0,0,0.3037,complete,test,1,20260805,1.0.0
H03-2025-W34,H03,medium_regional,central,190,2025,34,2025-08-18,419,21,30,42,128,5,1,646,34,89,116,342,65,7.93,16.34,0,0,0.2965,complete,test,1,20260805,1.0.0
H03-2025-W35,H03,medium_regional,central,191,2025,35,2025-08-25,375,14,33,44,134,3,3,606,33,77,120,305,71,10.28,14.96,0,0,0.2166,complete,test,1,20260805,1.0.0
H03-2025-W36,H03,medium_regional,central,192,2025,36,2025-09-01,384,17,27,46,105,6,3,588,23,85,121,287,72,9.06,15.19,0,0,0.2009,complete,test,1,20260805,1.0.0
H04-2022-W01,H04,high_volume_urban,central,1,2022,1,2022-01-03,369,14,21,44,122,64,18,652,42,83,119,330,78,19.38,5.11,1,0,0.0,complete,train,1,20260805,1.0.0
H04-2022-W02,H04,high_volume_urban,central,2,2022,2,2022-01-10,300,15,25,50,115,66,19,590,35,81,102,298,74,20.47,4.08,0,0,0.1674,complete,train,1,20260805,1.0.0
H04-2022-W03,H04,high_volume_urban,central,3,2022,3,2022-01-17,311,15,24,40,102,55,28,575,21,81,114,289,70,20.87,2.23,0,0,0.0845,complete,train,1,20260805,1.0.0
H04-2022-W04,H04,high_volume_urban,central,4,2022,4,2022-01-24,283,17,27,41,122,84,26,600,37,86,116,301,60,20.09,0.85,0,0,0.0859,complete,train,1,20260805,1.0.0
H04-2022-W05,H04,high_volume_urban,central,5,2022,5,2022-01-31,301,15,30,33,117,87,30,613,27,79,131,305,71,19.36,2.95,0,0,0.0354,complete,train,1,20260805,1.0.0
H04-2022-W06,H04,high_volume_urban,central,6,2022,6,2022-02-07,353,25,38,53,128,79,25,701,36,78,148,360,79,18.86,2.38,0,0,0.105,complete,train,1,20260805,1.0.0
H04-2022-W07,H04,high_volume_urban,central,7,2022,7,2022-02-14,334,28,37,58,111,90,21,679,37,86,149,339,68,18.5,1.71,0,0,0.1194,complete,train,1,20260805,1.0.0
H04-2022-W08,H04,high_volume_urban,central,8,2022,8,2022-02-21,377,39,42,66,136,81,26,767,53,113,145,367,89,20.02,2.72,0,0,0.1498,complete,train,1,20260805,1.0.0
H04-2022-W09,H04,high_volume_urban,central,9,2022,9,2022-02-28,427,46,39,69,159,94,31,865,54,104,150,440,117,17.85,2.48,0,0,0.2196,complete,train,1,20260805,1.0.0
H04-2022-W10,H04,high_volume_urban,central,10,2022,10,2022-03-07,530,58,38,75,156,80,21,958,51,128,179,479,121,18.06,3.53,0,0,0.1733,complete,train,1,20260805,1.0.0
H04-2022-W11,H04,high_volume_urban,central,11,2022,11,2022-03-14,563,59,45,74,173,84,32,1030,52,145,204,511,118,17.67,4.56,0,0,0.2888,complete,train,1,20260805,1.0.0
H04-2022-W12,H04,high_volume_urban,central,12,2022,12,2022-03-21,606,70,76,91,158,86,22,1109,58,163,216,548,124,16.99,5.16,0,0,0.2548,complete,train,1,20260805,1.0.0
H04-2022-W13,H04,high_volume_urban,central,13,2022,13,2022-03-28,604,81,63,98,222,64,14,1146,66,143,237,580,120,18.09,6.16,0,0,0.5206,complete,train,1,20260805,1.0.0
H04-2022-W14,H04,high_volume_urban,central,14,2022,14,2022-04-04,714,98,63,138,205,69,24,1311,67,190,256,632,166,14.46,10.03,0,0,0.5401,complete,train,1,20260805,1.0.0
H04-2022-W15,H04,high_volume_urban,central,15,2022,15,2022-04-11,747,108,69,124,240,71,18,1377,78,233,276,639,151,12.65,8.36,1,0,0.6053,complete,train,1,20260805,1.0.0
H04-2022-W16,H04,high_volume_urban,central,16,2022,16,2022-04-18,803,112,74,139,240,67,22,1457,96,227,297,650,187,13.62,10.07,0,0,0.7227,complete,train,1,20260805,1.0.0
H04-2022-W17,H04,high_volume_urban,central,17,2022,17,2022-04-25,861,118,84,155,273,56,24,1571,93,249,315,737,177,13.34,9.81,0,0,0.7367,complete,train,1,20260805,1.0.0
H04-2022-W18,H04,high_volume_urban,central,18,2022,18,2022-05-02,841,125,94,152,265,44,18,1539,113,224,301,716,185,12.82,11.61,1,0,0.7985,extreme_but_valid,train,1,20260805,1.0.0
H04-2022-W19,H04,high_volume_urban,central,19,2022,19,2022-05-09,802,133,114,162,296,48,18,1573,131,245,315,710,172,10.91,12.7,0,0,0.8735,extreme_but_valid,train,1,20260805,1.0.0
H04-2022-W20,H04,high_volume_urban,central,20,2022,20,2022-05-16,867,154,86,167,278,50,12,1614,110,259,328,741,176,9.84,15.46,0,0,0.8368,extreme_but_valid,train,1,20260805,1.0.0
H04-2022-W21,H04,high_volume_urban,central,21,2022,21,2022-05-23,935,133,98,173,264,38,11,1652,82,276,303,788,203,9.54,16.19,0,0,0.7782,complete,train,1,20260805,1.0.0
H04-2022-W22,H04,high_volume_urban,central,22,2022,22,2022-05-30,889,144,90,153,280,35,14,1605,109,281,298,736,181,10.02,14.42,0,0,0.8064,extreme_but_valid,train,1,20260805,1.0.0
H04-2022-W23,H04,high_volume_urban,central,23,2022,23,2022-06-06,817,126,91,170,257,31,12,1504,94,227,310,708,165,9.49,14.12,0,0,0.7848,extreme_but_valid,train,1,20260805,1.0.0
H04-2022-W24,H04,high_volume_urban,central,24,2022,24,2022-06-13,699,101,88,145,250,33,15,1331,75,207,246,644,159,8.82,18.46,0,0,0.7175,complete,train,1,20260805,1.0.0
H04-2022-W25,H04,high_volume_urban,central,25,2022,25,2022-06-20,757,93,68,119,229,25,8,1299,93,196,247,588,175,8.33,19.33,0,0,0.6604,complete,train,1,20260805,1.0.0
H04-2022-W26,H04,high_volume_urban,central,26,2022,26,2022-06-27,695,91,81,127,223,33,10,1260,69,179,281,596,135,7.76,15.52,0,0,0.6392,complete,train,1,20260805,1.0.0
H04-2022-W27,H04,high_volume_urban,central,27,2022,27,2022-07-04,609,77,70,109,207,31,9,1112,63,166,202,550,131,8.06,19.27,0,1,0.5625,complete,train,1,20260805,1.0.0
H04-2022-W28,H04,high_volume_urban,central,28,2022,28,2022-07-11,546,58,77,96,180,34,9,1000,54,155,196,481,114,8.69,20.96,0,1,0.49,complete,train,1,20260805,1.0.0
H04-2022-W29,H04,high_volume_urban,central,29,2022,29,2022-07-18,474,62,53,85,196,35,10,915,52,127,166,466,104,8.43,18.67,0,1,0.4687,complete,train,1,20260805,1.0.0
H04-2022-W30,H04,high_volume_urban,central,30,2022,30,2022-07-25,519,51,46,90,175,32,15,928,60,111,191,450,116,7.93,17.43,0,1,0.4111,complete,train,1,20260805,1.0.0
H04-2022-W31,H04,high_volume_urban,central,31,2022,31,2022-08-01,542,41,42,72,156,30,7,890,59,135,151,442,103,7.06,29.06,0,0,0.3012,complete,train,1,20260805,1.0.0
H04-2022-W32,H04,high_volume_urban,central,32,2022,32,2022-08-08,552,29,62,59,192,37,12,943,46,133,195,461,108,9.86,23.27,0,0,0.2296,complete,train,1,20260805,1.0.0
H04-2022-W33,H04,high_volume_urban,central,33,2022,33,2022-08-15,597,33,33,81,151,34,16,945,51,120,181,488,105,8.17,16.28,0,0,0.2546,complete,train,1,20260805,1.0.0
H04-2022-W34,H04,high_volume_urban,central,34,2022,34,2022-08-22,554,29,41,77,152,40,16,909,50,123,178,445,113,9.59,24.94,0,0,0.2956,complete,train,1,20260805,1.0.0
H04-2022-W35,H04,high_volume_urban,central,35,2022,35,2022-08-29,581,20,50,67,156,21,4,899,62,131,190,410,106,9.58,15.27,0,0,0.1995,complete,train,1,20260805,1.0.0
H04-2022-W36,H04,high_volume_urban,central,36,2022,36,2022-09-05,494,17,46,54,139,32,7,789,50,97,165,375,102,8.96,17.5,0,0,0.2832,complete,train,1,20260805,1.0.0
H04-2022-W37,H04,high_volume_urban,central,37,2022,37,2022-09-12,460,13,21,56,147,33,14,744,45,98,137,368,96,10.62,17.71,0,0,0.2603,complete,train,1,20260805,1.0.0
H04-2022-W38,H04,high_volume_urban,central,38,2022,38,2022-09-19,510,11,24,53,149,22,10,779,45,116,146,369,103,11.0,21.61,1,0,0.2071,complete,train,1,20260805,1.0.0
H04-2022-W39,H04,high_volume_urban,central,39,2022,39,2022-09-26,489,14,31,63,153,33,13,796,56,118,147,394,81,11.37,13.01,1,0,0.1075,complete,train,1,20260805,1.0.0
H04-2022-W40,H04,high_volume_urban,central,40,2022,40,2022-10-03,460,6,17,50,133,38,20,724,22,93,142,359,108,12.37,10.16,0,0,0.1489,complete,train,1,20260805,1.0.0
H04-2022-W41,H04,high_volume_urban,central,41,2022,41,2022-10-10,434,12,38,58,154,36,9,741,63,102,137,360,79,13.67,14.89,0,0,0.1308,complete,train,1,20260805,1.0.0
H04-2022-W42,H04,high_volume_urban,central,42,2022,42,2022-10-17,412,14,27,57,141,30,16,697,29,95,120,367,86,14.11,9.63,0,0,0.1989,complete,train,1,20260805,1.0.0
H04-2022-W43,H04,high_volume_urban,central,43,2022,43,2022-10-24,406,15,36,59,135,35,11,697,40,106,128,349,74,14.46,7.92,0,0,0.1729,complete,train,1,20260805,1.0.0
H04-2022-W44,H04,high_volume_urban,central,44,2022,44,2022-10-31,396,8,17,44,135,30,8,638,35,102,115,304,82,15.71,8.77,0,0,0.1447,complete,train,1,20260805,1.0.0
H04-2022-W45,H04,high_volume_urban,central,45,2022,45,2022-11-07,347,14,24,54,155,36,11,641,35,84,139,308,75,15.15,9.68,0,0,0.0875,complete,train,1,20260805,1.0.0
H04-2022-W46,H04,high_volume_urban,central,46,2022,46,2022-11-14,361,9,35,41,114,28,9,597,21,78,140,278,80,16.64,4.45,0,0,0.0698,complete,train,1,20260805,1.0.0
H04-2022-W47,H04,high_volume_urban,central,47,2022,47,2022-11-21,363,4,23,57,110,33,13,603,39,63,130,310,61,16.19,6.69,0,0,0.062,complete,train,1,20260805,1.0.0
H04-2022-W48,H04,high_volume_urban,central,48,2022,48,2022-11-28,351,9,34,58,99,44,16,611,22,73,132,301,83,19.51,2.83,0,0,0.1423,complete,train,1,20260805,1.0.0
H04-2022-W49,H04,high_volume_urban,central,49,2022,49,2022-12-05,319,13,27,42,112,36,14,563,29,89,120,257,68,17.24,4.93,0,0,0.111,complete,train,1,20260805,1.0.0
H04-2022-W50,H04,high_volume_urban,central,50,2022,50,2022-12-12,287,3,19,45,110,39,15,518,35,81,91,252,59,19.4,3.3,0,0,0.0734,complete,train,1,20260805,1.0.0
H04-2022-W51,H04,high_volume_urban,central,51,2022,51,2022-12-19,311,8,22,34,133,30,10,548,38,71,112,264,63,20.15,2.92,0,0,0.1272,complete,train,1,20260805,1.0.0
H04-2022-W52,H04,high_volume_urban,central,52,2022,52,2022-12-26,388,9,20,49,121,34,15,636,39,100,108,325,64,19.02,7.01,1,0,0.0172,complete,train,1,20260805,1.0.0
H04-2023-W01,H04,high_volume_urban,central,53,2023,1,2023-01-02,327,9,21,31,109,30,8,535,35,68,102,260,70,19.28,4.19,1,0,0.0,complete,train,1,20260805,1.0.0
H04-2023-W02,H04,high_volume_urban,central,54,2023,2,2023-01-09,309,19,26,34,131,47,19,585,30,83,104,296,72,19.31,2.58,0,0,0.0,complete,train,1,20260805,1.0.0
H04-2023-W03,H04,high_volume_urban,central,55,2023,3,2023-01-16,295,18,23,46,116,39,10,547,45,67,101,272,62,19.26,1.34,0,0,0.0601,complete,train,1,20260805,1.0.0
H04-2023-W04,H04,high_volume_urban,central,56,2023,4,2023-01-23,277,18,29,39,139,40,7,549,31,69,111,272,66,20.2,1.32,0,0,0.1423,complete,train,1,20260805,1.0.0
H04-2023-W05,H04,high_volume_urban,central,57,2023,5,2023-01-30,382,18,30,40,122,44,18,654,34,73,118,334,95,19.8,2.19,0,0,0.0279,complete,train,1,20260805,1.0.0
H04-2023-W06,H04,high_volume_urban,central,58,2023,6,2023-02-06,452,19,34,48,133,33,16,735,46,94,149,342,104,20.9,14.25,0,0,0.1368,complete,train,1,20260805,1.0.0
H04-2023-W07,H04,high_volume_urban,central,59,2023,7,2023-02-13,429,29,40,51,122,44,17,732,35,102,148,369,78,19.15,7.05,0,0,0.0584,complete,train,1,20260805,1.0.0
H04-2023-W08,H04,high_volume_urban,central,60,2023,8,2023-02-20,405,31,26,58,143,40,18,721,29,97,146,366,83,18.13,1.81,0,0,0.2096,complete,train,1,20260805,1.0.0
H04-2023-W09,H04,high_volume_urban,central,61,2023,9,2023-02-27,412,41,34,76,157,49,16,785,57,121,139,369,99,20.31,7.34,0,0,0.2677,complete,train,1,20260805,1.0.0
H04-2023-W10,H04,high_volume_urban,central,62,2023,10,2023-03-06,419,65,42,80,166,44,18,834,48,119,166,407,94,17.38,3.45,0,0,0.1987,complete,train,1,20260805,1.0.0
H04-2023-W11,H04,high_volume_urban,central,63,2023,11,2023-03-13,389,45,42,100,173,58,15,822,49,108,171,400,94,17.87,4.07,0,0,0.3898,complete,train,1,20260805,1.0.0
H04-2023-W12,H04,high_volume_urban,central,64,2023,12,2023-03-20,565,87,61,90,192,41,22,1058,55,153,196,511,143,17.42,5.4,0,0,0.4002,complete,train,1,20260805,1.0.0
H04-2023-W13,H04,high_volume_urban,central,65,2023,13,2023-03-27,619,77,59,115,211,38,18,1137,63,165,252,543,114,15.4,12.95,0,0,0.4347,complete,train,1,20260805,1.0.0
H04-2023-W14,H04,high_volume_urban,central,66,2023,14,2023-04-03,664,102,84,108,206,36,13,1213,74,171,231,607,130,15.41,11.48,0,0,0.4897,complete,train,1,20260805,1.0.0
H04-2023-W15,H04,high_volume_urban,central,67,2023,15,2023-04-10,728,114,79,146,239,37,13,1356,89,193,261,664,149,14.63,10.61,1,0,0.6126,complete,train,1,20260805,1.0.0
H04-2023-W16,H04,high_volume_urban,central,68,2023,16,2023-04-17,794,128,80,152,256,36,16,1462,86,237,307,654,178,14.07,11.04,0,0,0.6796,complete,train,1,20260805,1.0.0
H04-2023-W17,H04,high_volume_urban,central,69,2023,17,2023-04-24,802,145,96,144,298,26,9,1520,93,245,311,710,161,12.83,12.35,0,0,0.7734,complete,train,1,20260805,1.0.0
H04-2023-W18,H04,high_volume_urban,central,70,2023,18,2023-05-01,804,109,103,156,275,24,8,1479,97,250,316,662,154,11.6,10.95,1,0,0.7856,extreme_but_valid,train,1,20260805,1.0.0
H04-2023-W19,H04,high_volume_urban,central,71,2023,19,2023-05-08,834,136,113,151,313,18,6,1571,117,220,329,732,173,12.91,14.14,0,0,0.8919,extreme_but_valid,train,1,20260805,1.0.0
H04-2023-W20,H04,high_volume_urban,central,72,2023,20,2023-05-15,896,136,88,152,279,24,8,1583,115,245,335,720,168,11.62,14.27,0,0,0.7469,complete,train,1,20260805,1.0.0
H04-2023-W21,H04,high_volume_urban,central,73,2023,21,2023-05-22,910,146,91,152,248,24,12,1583,98,241,328,743,173,10.0,13.43,0,0,0.8835,extreme_but_valid,train,1,20260805,1.0.0
H04-2023-W22,H04,high_volume_urban,central,74,2023,22,2023-05-29,898,140,86,148,271,25,11,1579,113,243,310,732,181,9.25,16.11,0,0,0.9251,extreme_but_valid,train,1,20260805,1.0.0
H04-2023-W23,H04,high_volume_urban,central,75,2023,23,2023-06-05,853,135,90,145,259,25,6,1513,103,221,301,698,190,8.73,15.91,0,0,0.7822,extreme_but_valid,train,1,20260805,1.0.0
H04-2023-W24,H04,high_volume_urban,central,76,2023,24,2023-06-12,875,135,91,137,274,17,1,1530,102,231,308,730,159,8.96,19.13,0,0,0.7614,complete,train,1,20260805,1.0.0
H04-2023-W25,H04,high_volume_urban,central,77,2023,25,2023-06-19,813,98,70,122,248,22,7,1380,61,204,296,661,158,9.34,18.07,0,0,0.6592,complete,train,1,20260805,1.0.0
H04-2023-W26,H04,high_volume_urban,central,78,2023,26,2023-06-26,834,133,77,103,245,22,8,1422,70,201,293,683,175,7.56,16.03,0,0,0.4812,complete,train,1,20260805,1.0.0
H04-2023-W27,H04,high_volume_urban,central,79,2023,27,2023-07-03,754,86,80,117,237,13,3,1290,74,177,251,621,167,7.76,22.32,0,1,0.5842,complete,train,1,20260805,1.0.0
H04-2023-W28,H04,high_volume_urban,central,80,2023,28,2023-07-10,738,76,58,118,205,15,4,1214,67,176,245,587,139,6.66,22.48,0,1,0.5149,complete,train,1,20260805,1.0.0
H04-2023-W29,H04,high_volume_urban,central,81,2023,29,2023-07-17,622,57,57,76,188,14,7,1021,65,160,207,465,124,7.83,16.02,0,1,0.3917,complete,train,1,20260805,1.0.0
H04-2023-W30,H04,high_volume_urban,central,82,2023,30,2023-07-24,568,44,54,90,176,17,9,958,53,135,203,470,97,6.66,23.13,0,1,0.2932,complete,train,1,20260805,1.0.0
H04-2023-W31,H04,high_volume_urban,central,83,2023,31,2023-07-31,591,56,39,98,170,15,9,978,49,138,179,494,118,7.76,16.78,0,0,0.3388,complete,train,1,20260805,1.0.0
H04-2023-W32,H04,high_volume_urban,central,84,2023,32,2023-08-07,481,44,45,75,165,11,2,823,61,99,150,420,93,8.28,18.83,0,0,0.2384,complete,train,1,20260805,1.0.0
H04-2023-W33,H04,high_volume_urban,central,85,2023,33,2023-08-14,426,31,37,85,153,19,8,759,38,116,148,355,102,7.89,15.51,0,0,0.2958,complete,train,1,20260805,1.0.0
H04-2023-W34,H04,high_volume_urban,central,86,2023,34,2023-08-21,388,37,38,60,150,21,7,701,39,102,135,346,79,8.41,17.89,0,0,0.1996,complete,train,1,20260805,1.0.0
H04-2023-W35,H04,high_volume_urban,central,87,2023,35,2023-08-28,442,12,36,63,156,21,4,734,39,91,152,376,76,9.15,15.2,0,0,0.2371,complete,train,1,20260805,1.0.0
H04-2023-W36,H04,high_volume_urban,central,88,2023,36,2023-09-04,443,14,41,60,155,14,4,731,31,111,138,366,85,10.13,15.0,0,0,0.2407,complete,train,1,20260805,1.0.0
H04-2023-W37,H04,high_volume_urban,central,89,2023,37,2023-09-11,434,14,32,59,143,15,4,701,40,113,112,344,92,11.14,12.83,0,0,0.2076,complete,train,1,20260805,1.0.0
H04-2023-W38,H04,high_volume_urban,central,90,2023,38,2023-09-18,440,14,35,56,155,11,4,715,43,90,154,353,75,10.82,15.18,1,0,0.1247,complete,train,1,20260805,1.0.0
H04-2023-W39,H04,high_volume_urban,central,91,2023,39,2023-09-25,462,14,22,45,129,14,3,689,36,94,128,352,79,11.91,11.62,1,0,0.1676,complete,train,1,20260805,1.0.0
H04-2023-W40,H04,high_volume_urban,central,92,2023,40,2023-10-02,414,15,29,55,154,27,8,702,47,95,120,351,89,13.04,10.9,0,0,0.2092,complete,train,1,20260805,1.0.0
H04-2023-W41,H04,high_volume_urban,central,93,2023,41,2023-10-09,435,9,31,48,159,17,7,706,37,94,132,359,84,13.2,10.13,0,0,0.2191,complete,train,1,20260805,1.0.0
H04-2023-W42,H04,high_volume_urban,central,94,2023,42,2023-10-16,457,8,23,47,126,19,5,685,42,98,120,337,88,14.72,11.52,0,0,0.2447,complete,train,1,20260805,1.0.0
H04-2023-W43,H04,high_volume_urban,central,95,2023,43,2023-10-23,437,9,32,63,127,19,3,690,34,80,126,358,92,15.12,9.25,0,0,0.1989,complete,train,1,20260805,1.0.0
H04-2023-W44,H04,high_volume_urban,central,96,2023,44,2023-10-30,390,9,25,45,152,14,2,637,35,98,103,342,59,17.13,7.98,0,0,0.1724,complete,train,1,20260805,1.0.0
H04-2023-W45,H04,high_volume_urban,central,97,2023,45,2023-11-06,319,5,25,52,136,26,6,569,29,87,119,272,62,17.05,15.03,0,0,0.2108,complete,train,1,20260805,1.0.0
H04-2023-W46,H04,high_volume_urban,central,98,2023,46,2023-11-13,353,11,28,43,121,16,15,587,31,76,116,280,84,17.81,6.96,0,0,0.1223,complete,train,1,20260805,1.0.0
H04-2023-W47,H04,high_volume_urban,central,99,2023,47,2023-11-20,351,7,27,35,139,23,11,593,39,90,129,274,61,17.32,5.63,0,0,0.0762,complete,train,1,20260805,1.0.0
H04-2023-W48,H04,high_volume_urban,central,100,2023,48,2023-11-27,365,6,22,43,116,18,7,577,32,82,100,274,89,18.62,5.92,0,0,0.0788,complete,train,1,20260805,1.0.0
H04-2023-W49,H04,high_volume_urban,central,101,2023,49,2023-12-04,316,11,30,46,102,16,4,525,32,74,103,247,69,19.04,2.26,0,0,0.0901,complete,train,1,20260805,1.0.0
H04-2023-W50,H04,high_volume_urban,central,102,2023,50,2023-12-11,359,14,20,62,135,28,16,634,48,90,105,326,65,17.84,4.82,0,0,0.1812,complete,train,1,20260805,1.0.0
H04-2023-W51,H04,high_volume_urban,central,103,2023,51,2023-12-18,340,8,25,38,133,15,8,567,33,75,96,295,68,20.06,3.57,0,0,0.0444,complete,train,1,20260805,1.0.0
H04-2023-W52,H04,high_volume_urban,central,104,2023,52,2023-12-25,341,10,21,50,114,20,6,562,41,88,100,270,63,19.89,3.03,1,0,0.0305,complete,train,1,20260805,1.0.0
H04-2024-W01,H04,high_volume_urban,central,105,2024,1,2024-01-01,351,16,26,42,114,17,8,574,22,75,119,288,70,20.23,4.29,1,0,0.0,complete,train,1,20260805,1.0.0
H04-2024-W02,H04,high_volume_urban,central,106,2024,2,2024-01-08,325,18,18,38,107,19,10,535,30,70,99,282,54,20.21,0.93,0,0,0.0,complete,train,1,20260805,1.0.0
H04-2024-W03,H04,high_volume_urban,central,107,2024,3,2024-01-15,285,15,28,38,98,36,5,505,22,67,111,228,77,19.41,3.68,0,0,0.0616,complete,train,1,20260805,1.0.0
H04-2024-W04,H04,high_volume_urban,central,108,2024,4,2024-01-22,352,16,25,43,116,24,8,584,37,80,122,271,74,21.15,0.2,0,0,0.0549,complete,train,1,20260805,1.0.0
H04-2024-W05,H04,high_volume_urban,central,109,2024,5,2024-01-29,393,23,28,43,112,22,10,631,26,89,131,324,61,20.4,2.59,0,0,0.0393,complete,train,1,20260805,1.0.0
H04-2024-W06,H04,high_volume_urban,central,110,2024,6,2024-02-05,370,22,30,43,126,20,6,617,35,94,114,296,78,20.07,2.73,0,0,0.1535,complete,train,1,20260805,1.0.0
H04-2024-W07,H04,high_volume_urban,central,111,2024,7,2024-02-12,405,32,30,58,159,25,9,718,39,97,138,380,64,20.28,3.89,0,0,0.1162,complete,train,1,20260805,1.0.0
H04-2024-W08,H04,high_volume_urban,central,112,2024,8,2024-02-19,430,50,34,47,127,33,10,731,43,108,148,351,81,17.56,7.28,0,0,0.2172,complete,train,1,20260805,1.0.0
H04-2024-W09,H04,high_volume_urban,central,113,2024,9,2024-02-26,492,52,36,66,140,24,8,818,49,114,169,398,88,18.16,2.75,0,0,0.1431,complete,train,1,20260805,1.0.0
H04-2024-W10,H04,high_volume_urban,central,114,2024,10,2024-03-04,529,53,40,80,162,31,10,905,46,139,161,445,114,17.44,11.59,0,0,0.2488,complete,train,1,20260805,1.0.0
H04-2024-W11,H04,high_volume_urban,central,115,2024,11,2024-03-11,570,69,48,85,190,21,3,986,64,144,182,482,114,14.16,11.35,0,0,0.3224,complete,train,1,20260805,1.0.0
H04-2024-W12,H04,high_volume_urban,central,116,2024,12,2024-03-18,634,70,53,84,195,11,2,1049,62,152,222,494,119,17.04,4.71,0,0,0.3826,complete,train,1,20260805,1.0.0
H04-2024-W13,H04,high_volume_urban,central,117,2024,13,2024-03-25,727,101,63,107,208,28,7,1241,70,178,260,610,123,16.29,8.83,0,0,0.409,complete,train,1,20260805,1.0.0
H04-2024-W14,H04,high_volume_urban,central,118,2024,14,2024-04-01,706,104,76,114,238,18,7,1263,82,168,249,607,157,15.74,8.78,0,0,0.5078,complete,train,1,20260805,1.0.0
H04-2024-W15,H04,high_volume_urban,central,119,2024,15,2024-04-08,747,126,78,110,207,10,4,1282,77,193,247,608,157,12.97,8.07,1,0,0.6805,complete,train,1,20260805,1.0.0
H04-2024-W16,H04,high_volume_urban,central,120,2024,16,2024-04-15,761,141,84,138,273,14,6,1417,84,198,291,692,152,13.58,14.27,0,0,0.6046,complete,train,1,20260805,1.0.0
H04-2024-W17,H04,high_volume_urban,central,121,2024,17,2024-04-22,806,144,87,151,290,8,0,1486,97,211,324,694,160,13.64,9.55,0,0,0.7802,extreme_but_valid,train,1,20260805,1.0.0
H04-2024-W18,H04,high_volume_urban,central,122,2024,18,2024-04-29,893,171,82,139,272,5,0,1562,106,215,337,725,179,13.02,13.37,1,0,0.895,extreme_but_valid,train,1,20260805,1.0.0
H04-2024-W19,H04,high_volume_urban,central,123,2024,19,2024-05-06,884,162,85,175,286,10,2,1604,110,245,344,706,199,12.25,16.17,0,0,0.8116,extreme_but_valid,train,1,20260805,1.0.0
H04-2024-W20,H04,high_volume_urban,central,124,2024,20,2024-05-13,853,156,85,170,246,17,8,1535,93,244,311,731,156,11.19,11.81,0,0,0.8724,extreme_but_valid,train,1,20260805,1.0.0
H04-2024-W21,H04,high_volume_urban,central,125,2024,21,2024-05-20,902,155,95,170,304,8,2,1636,102,238,305,812,179,10.92,15.2,0,0,0.8027,extreme_but_valid,train,1,20260805,1.0.0
H04-2024-W22,H04,high_volume_urban,central,126,2024,22,2024-05-27,840,158,79,143,264,8,1,1493,103,217,292,713,168,10.82,18.7,0,0,0.9425,extreme_but_valid,train,1,20260805,1.0.0
H04-2024-W23,H04,high_volume_urban,central,127,2024,23,2024-06-03,851,141,109,160,257,8,5,1531,112,269,282,718,150,9.06,18.57,0,0,0.7566,complete,train,1,20260805,1.0.0
H04-2024-W24,H04,high_volume_urban,central,128,2024,24,2024-06-10,780,135,76,122,275,7,1,1396,86,220,264,652,174,7.95,17.29,0,0,0.6788,complete,train,1,20260805,1.0.0
H04-2024-W25,H04,high_volume_urban,central,129,2024,25,2024-06-17,693,104,73,125,248,10,4,1257,59,179,280,589,150,10.49,17.86,0,0,0.5921,complete,train,1,20260805,1.0.0
H04-2024-W26,H04,high_volume_urban,central,130,2024,26,2024-06-24,702,116,67,129,239,6,3,1262,93,200,236,568,165,8.55,16.53,0,0,0.5216,complete,train,1,20260805,1.0.0
H04-2024-W27,H04,high_volume_urban,central,131,2024,27,2024-07-01,665,98,58,120,210,14,4,1169,44,203,216,595,111,7.3,19.3,0,1,0.5683,complete,train,1,20260805,1.0.0
H04-2024-W28,H04,high_volume_urban,central,132,2024,28,2024-07-08,617,68,56,109,193,10,4,1057,79,140,202,507,129,7.89,26.1,0,1,0.4602,complete,train,1,20260805,1.0.0
H04-2024-W29,H04,high_volume_urban,central,133,2024,29,2024-07-15,568,77,60,98,189,13,4,1009,67,145,189,496,112,9.94,18.59,0,1,0.4768,complete,train,1,20260805,1.0.0
H04-2024-W30,H04,high_volume_urban,central,134,2024,30,2024-07-22,540,48,54,71,193,10,4,920,46,107,177,468,122,7.1,17.15,0,1,0.3593,complete,train,1,20260805,1.0.0
H04-2024-W31,H04,high_volume_urban,central,135,2024,31,2024-07-29,547,40,47,77,201,8,5,925,49,123,188,451,114,7.69,17.51,0,0,0.3557,complete,train,1,20260805,1.0.0
H04-2024-W32,H04,high_volume_urban,central,136,2024,32,2024-08-05,451,42,42,67,174,10,1,787,44,113,167,370,93,8.92,15.62,0,0,0.298,complete,train,1,20260805,1.0.0
H04-2024-W33,H04,high_volume_urban,central,137,2024,33,2024-08-12,513,28,39,58,155,6,2,801,57,116,146,397,85,8.57,16.04,0,0,0.3206,complete,train,1,20260805,1.0.0
H04-2024-W34,H04,high_volume_urban,central,138,2024,34,2024-08-19,456,19,40,58,149,7,3,732,42,85,145,382,78,10.02,15.48,0,0,0.2325,complete,train,1,20260805,1.0.0
H04-2024-W35,H04,high_volume_urban,central,139,2024,35,2024-08-26,435,25,36,56,159,6,2,719,42,96,137,346,98,9.01,16.66,0,0,0.1625,complete,train,1,20260805,1.0.0
H04-2024-W36,H04,high_volume_urban,central,140,2024,36,2024-09-02,502,21,44,58,174,7,1,807,46,104,157,406,94,9.89,13.4,0,0,0.1555,complete,train,1,20260805,1.0.0
H04-2024-W37,H04,high_volume_urban,central,141,2024,37,2024-09-09,472,13,33,56,155,11,4,744,38,115,133,362,96,11.7,20.62,0,0,0.2847,complete,train,1,20260805,1.0.0
H04-2024-W38,H04,high_volume_urban,central,142,2024,38,2024-09-16,521,13,39,52,158,11,2,796,40,120,145,391,100,9.7,13.59,1,0,0.1481,complete,train,1,20260805,1.0.0
H04-2024-W39,H04,high_volume_urban,central,143,2024,39,2024-09-23,459,11,36,50,156,6,2,720,36,102,135,364,83,12.53,14.37,1,0,0.1942,complete,train,1,20260805,1.0.0
H04-2024-W40,H04,high_volume_urban,central,144,2024,40,2024-09-30,383,19,31,62,143,7,1,646,37,97,116,329,67,12.54,9.98,0,0,0.2401,complete,train,1,20260805,1.0.0
H04-2024-W41,H04,high_volume_urban,central,145,2024,41,2024-10-07,366,9,36,55,149,10,3,628,31,78,111,317,91,14.28,8.99,0,0,0.1276,complete,train,1,20260805,1.0.0
H04-2024-W42,H04,high_volume_urban,central,146,2024,42,2024-10-14,410,12,33,59,159,5,1,679,36,86,124,343,90,13.9,12.23,0,0,0.1568,complete,train,1,20260805,1.0.0
H04-2024-W43,H04,high_volume_urban,central,147,2024,43,2024-10-21,397,10,30,46,137,7,0,627,34,101,114,305,73,14.61,8.72,0,0,0.1528,complete,train,1,20260805,1.0.0
H04-2024-W44,H04,high_volume_urban,central,148,2024,44,2024-10-28,457,12,24,43,135,5,1,677,41,84,125,343,84,15.7,6.77,0,0,0.1919,complete,train,1,20260805,1.0.0
H04-2024-W45,H04,high_volume_urban,central,149,2024,45,2024-11-04,419,14,32,52,148,8,4,677,33,111,118,336,79,14.91,11.45,0,0,0.2175,complete,train,1,20260805,1.0.0
H04-2024-W46,H04,high_volume_urban,central,150,2024,46,2024-11-11,338,13,29,39,130,14,2,565,34,76,95,296,64,15.68,17.43,0,0,0.1785,complete,train,1,20260805,1.0.0
H04-2024-W47,H04,high_volume_urban,central,151,2024,47,2024-11-18,376,7,29,45,137,4,0,598,32,82,123,291,70,18.01,6.24,0,0,0.1021,complete,train,1,20260805,1.0.0
H04-2024-W48,H04,high_volume_urban,central,152,2024,48,2024-11-25,369,6,37,45,116,10,3,586,22,83,127,279,75,17.17,13.16,0,0,0.1062,complete,train,1,20260805,1.0.0
H04-2024-W49,H04,high_volume_urban,central,153,2024,49,2024-12-02,380,11,26,31,137,11,4,600,34,85,127,287,67,19.94,6.54,0,0,0.1022,complete,train,1,20260805,1.0.0
H04-2024-W50,H04,high_volume_urban,central,154,2024,50,2024-12-09,392,10,28,41,136,11,4,622,35,88,112,314,73,19.3,3.87,0,0,0.0571,complete,train,1,20260805,1.0.0
H04-2024-W51,H04,high_volume_urban,central,155,2024,51,2024-12-16,391,19,36,37,120,5,4,612,31,66,123,300,92,19.36,7.1,0,0,0.1282,complete,train,1,20260805,1.0.0
H04-2024-W52,H04,high_volume_urban,central,156,2024,52,2024-12-23,463,13,22,33,133,9,3,676,35,79,124,352,86,18.13,1.31,1,0,0.0491,complete,train,1,20260805,1.0.0
H04-2025-W01,H04,high_volume_urban,central,157,2025,1,2024-12-30,420,9,20,34,92,7,0,582,36,87,95,291,73,19.92,0.35,1,0,0.002,complete,test,1,20260805,1.0.0
H04-2025-W02,H04,high_volume_urban,central,158,2025,2,2025-01-06,426,18,30,41,110,15,10,650,32,84,125,340,69,19.09,9.26,0,0,0.0,complete,test,1,20260805,1.0.0
H04-2025-W03,H04,high_volume_urban,central,159,2025,3,2025-01-13,393,14,35,32,126,12,3,615,36,90,115,304,70,19.98,0.95,0,0,0.0,complete,test,1,20260805,1.0.0
H04-2025-W04,H04,high_volume_urban,central,160,2025,4,2025-01-20,391,18,20,36,104,9,4,582,30,79,121,281,71,20.95,6.67,0,0,0.1185,complete,test,1,20260805,1.0.0
H04-2025-W05,H04,high_volume_urban,central,161,2025,5,2025-01-27,378,27,38,52,108,19,9,631,27,80,114,328,82,21.35,0.39,0,0,0.0021,complete,test,1,20260805,1.0.0
H04-2025-W06,H04,high_volume_urban,central,162,2025,6,2025-02-03,415,29,25,41,119,17,9,655,39,106,119,314,77,19.22,1.6,0,0,0.0256,complete,test,1,20260805,1.0.0
H04-2025-W07,H04,high_volume_urban,central,163,2025,7,2025-02-10,338,29,31,44,119,20,7,588,48,82,112,268,78,20.21,7.94,0,0,0.171,complete,test,1,20260805,1.0.0
H04-2025-W08,H04,high_volume_urban,central,164,2025,8,2025-02-17,338,41,37,61,138,15,8,638,30,91,131,314,72,19.9,1.88,0,0,0.2406,complete,test,1,20260805,1.0.0
H04-2025-W09,H04,high_volume_urban,central,165,2025,9,2025-02-24,370,46,34,75,148,18,6,697,39,88,118,363,89,19.39,5.56,0,0,0.2264,complete,test,1,20260805,1.0.0
H04-2025-W10,H04,high_volume_urban,central,166,2025,10,2025-03-03,446,70,52,69,171,14,10,832,49,119,169,397,98,18.71,7.36,0,0,0.2494,complete,test,1,20260805,1.0.0
H04-2025-W11,H04,high_volume_urban,central,167,2025,11,2025-03-10,498,76,44,85,181,12,3,899,56,130,187,414,112,18.24,4.86,0,0,0.3325,complete,test,1,20260805,1.0.0
H04-2025-W12,H04,high_volume_urban,central,168,2025,12,2025-03-17,607,102,50,93,180,16,7,1055,64,148,226,486,131,15.84,4.77,0,0,0.3857,complete,test,1,20260805,1.0.0
H04-2025-W13,H04,high_volume_urban,central,169,2025,13,2025-03-24,703,99,60,96,207,15,6,1186,61,170,223,591,141,15.31,6.14,0,0,0.4587,complete,test,1,20260805,1.0.0
H04-2025-W14,H04,high_volume_urban,central,170,2025,14,2025-03-31,692,133,65,102,236,12,8,1248,77,195,260,586,130,15.31,8.52,0,0,0.7012,complete,test,1,20260805,1.0.0
H04-2025-W15,H04,high_volume_urban,central,171,2025,15,2025-04-07,849,135,77,117,255,5,4,1442,105,197,317,652,171,15.53,7.26,1,0,0.6685,complete,test,1,20260805,1.0.0
H04-2025-W16,H04,high_volume_urban,central,172,2025,16,2025-04-14,869,138,72,155,268,5,1,1508,88,231,280,737,172,13.96,9.51,0,0,0.7406,complete,test,1,20260805,1.0.0
H04-2025-W17,H04,high_volume_urban,central,173,2025,17,2025-04-21,919,181,90,154,284,10,4,1642,111,247,341,762,181,13.44,9.32,0,0,0.7003,complete,test,1,20260805,1.0.0
H04-2025-W18,H04,high_volume_urban,central,174,2025,18,2025-04-28,879,176,86,135,265,5,2,1548,119,217,338,706,168,13.11,14.25,1,0,0.8327,extreme_but_valid,test,1,20260805,1.0.0
H04-2025-W19,H04,high_volume_urban,central,175,2025,19,2025-05-05,954,183,105,161,290,9,2,1704,110,262,348,790,194,13.37,11.38,0,0,0.8491,extreme_but_valid,test,1,20260805,1.0.0
H04-2025-W20,H04,high_volume_urban,central,176,2025,20,2025-05-12,894,178,107,174,285,7,0,1645,121,241,339,764,180,11.38,11.94,0,0,0.8513,extreme_but_valid,test,1,20260805,1.0.0
H04-2025-W21,H04,high_volume_urban,central,177,2025,21,2025-05-19,884,166,96,172,269,7,2,1596,92,246,339,739,180,10.25,17.71,0,0,0.866,extreme_but_valid,test,1,20260805,1.0.0
H04-2025-W22,H04,high_volume_urban,central,178,2025,22,2025-05-26,824,153,83,139,299,5,0,1503,100,243,305,693,162,10.37,15.82,0,0,0.782,extreme_but_valid,test,1,20260805,1.0.0
H04-2025-W23,H04,high_volume_urban,central,179,2025,23,2025-06-02,774,149,87,143,299,4,1,1457,92,223,287,714,141,9.67,14.9,0,0,0.7576,complete,test,1,20260805,1.0.0
H04-2025-W24,H04,high_volume_urban,central,180,2025,24,2025-06-09,712,151,91,129,263,7,2,1355,104,209,273,619,150,8.88,15.84,0,0,0.7469,complete,test,1,20260805,1.0.0
H04-2025-W25,H04,high_volume_urban,central,181,2025,25,2025-06-16,659,120,67,123,289,3,1,1262,83,181,248,610,140,9.73,15.38,0,0,0.5438,complete,test,1,20260805,1.0.0
H04-2025-W26,H04,high_volume_urban,central,182,2025,26,2025-06-23,618,98,70,118,243,3,2,1152,74,171,236,550,121,9.35,18.65,0,0,0.5934,complete,test,1,20260805,1.0.0
H04-2025-W27,H04,high_volume_urban,central,183,2025,27,2025-06-30,610,104,68,107,208,5,1,1103,74,147,207,561,114,9.33,21.67,0,1,0.498,complete,test,1,20260805,1.0.0
H04-2025-W28,H04,high_volume_urban,central,184,2025,28,2025-07-07,571,95,61,111,212,10,5,1065,66,169,206,510,114,6.87,16.77,0,1,0.4667,complete,test,1,20260805,1.0.0
H04-2025-W29,H04,high_volume_urban,central,185,2025,29,2025-07-14,503,71,52,77,187,4,1,895,51,132,194,400,118,7.5,16.46,0,1,0.4007,complete,test,1,20260805,1.0.0
H04-2025-W30,H04,high_volume_urban,central,186,2025,30,2025-07-21,461,59,46,69,178,7,3,823,38,116,163,407,99,8.15,16.24,0,1,0.3171,complete,test,1,20260805,1.0.0
H04-2025-W31,H04,high_volume_urban,central,187,2025,31,2025-07-28,502,57,54,60,165,4,0,842,46,110,159,420,107,10.25,16.86,0,0,0.3491,complete,test,1,20260805,1.0.0
H04-2025-W32,H04,high_volume_urban,central,188,2025,32,2025-08-04,471,46,48,55,172,7,3,802,43,110,155,395,99,8.75,24.06,0,0,0.2061,complete,test,1,20260805,1.0.0
H04-2025-W33,H04,high_volume_urban,central,189,2025,33,2025-08-11,487,31,38,73,156,6,0,791,43,100,146,381,121,8.75,18.62,0,0,0.2834,complete,test,1,20260805,1.0.0
H04-2025-W34,H04,high_volume_urban,central,190,2025,34,2025-08-18,478,31,34,60,166,1,0,770,44,116,120,387,103,9.54,17.41,0,0,0.2837,complete,test,1,20260805,1.0.0
H04-2025-W35,H04,high_volume_urban,central,191,2025,35,2025-08-25,491,30,41,71,164,2,0,799,39,110,142,407,101,8.68,15.33,0,0,0.2291,complete,test,1,20260805,1.0.0
H04-2025-W36,H04,high_volume_urban,central,192,2025,36,2025-09-01,422,15,28,66,146,4,0,681,44,94,144,316,83,10.0,13.83,0,0,0.0638,complete,test,1,20260805,1.0.0
H05-2022-W01,H05,medium_regional,central,1,2022,1,2022-01-03,325,12,14,32,89,57,15,544,26,78,104,255,81,19.63,1.1,1,0,0.0,complete,train,1,20260805,1.0.0
H05-2022-W02,H05,medium_regional,central,2,2022,2,2022-01-10,280,11,24,30,107,66,21,539,37,73,100,263,66,22.09,3.84,0,0,0.0,complete,train,1,20260805,1.0.0
H05-2022-W03,H05,medium_regional,central,3,2022,3,2022-01-17,266,13,21,31,103,96,34,564,32,94,118,255,65,19.68,3.4,0,0,0.0145,complete,train,1,20260805,1.0.0
H05-2022-W04,H05,medium_regional,central,4,2022,4,2022-01-24,253,19,15,34,112,74,26,533,23,83,101,272,54,19.86,0.44,0,0,0.0,complete,train,1,20260805,1.0.0
H05-2022-W05,H05,medium_regional,central,5,2022,5,2022-01-31,274,22,23,47,95,61,19,541,34,74,125,248,60,20.1,6.33,0,0,0.0096,complete,train,1,20260805,1.0.0
H05-2022-W06,H05,medium_regional,central,6,2022,6,2022-02-07,327,29,23,54,113,78,31,655,35,106,123,308,83,20.36,1.57,0,0,0.0,complete,train,1,20260805,1.0.0
H05-2022-W07,H05,medium_regional,central,7,2022,7,2022-02-14,267,21,26,44,117,92,27,594,24,75,129,300,66,19.34,4.3,0,0,0.0777,complete,train,1,20260805,1.0.0
H05-2022-W08,H05,medium_regional,central,8,2022,8,2022-02-21,307,37,38,56,118,102,34,692,49,107,143,316,77,19.81,1.75,0,0,0.1882,complete,train,1,20260805,1.0.0
H05-2022-W09,H05,medium_regional,central,9,2022,9,2022-02-28,379,29,25,63,121,76,25,718,35,105,142,350,86,17.96,2.2,0,0,0.1911,complete,train,1,20260805,1.0.0
H05-2022-W10,H05,medium_regional,central,10,2022,10,2022-03-07,404,57,32,68,130,60,24,775,42,118,156,371,88,18.67,6.03,0,0,0.202,complete,train,1,20260805,1.0.0
H05-2022-W11,H05,medium_regional,central,11,2022,11,2022-03-14,409,52,43,75,146,76,21,822,58,116,159,414,75,16.78,5.93,0,0,0.3387,complete,train,1,20260805,1.0.0
H05-2022-W12,H05,medium_regional,central,12,2022,12,2022-03-21,457,71,58,82,149,60,21,898,61,123,178,440,96,16.57,4.77,0,0,0.4183,complete,train,1,20260805,1.0.0
H05-2022-W13,H05,medium_regional,central,13,2022,13,2022-03-28,526,63,62,112,174,83,32,1052,64,142,214,512,120,17.43,6.92,0,0,0.4676,complete,train,1,20260805,1.0.0
H05-2022-W14,H05,medium_regional,central,14,2022,14,2022-04-04,594,83,63,111,203,75,24,1153,57,172,252,549,123,14.84,6.28,0,0,0.5855,complete,train,1,20260805,1.0.0
H05-2022-W15,H05,medium_regional,central,15,2022,15,2022-04-11,663,108,76,108,230,55,15,1255,65,172,261,626,131,13.9,7.71,1,0,0.6137,complete,train,1,20260805,1.0.0
H05-2022-W16,H05,medium_regional,central,16,2022,16,2022-04-18,637,106,79,145,269,49,15,1300,83,171,281,622,143,14.79,9.62,0,0,0.6826,complete,train,1,20260805,1.0.0
H05-2022-W17,H05,medium_regional,central,17,2022,17,2022-04-25,696,118,82,114,275,50,15,1350,96,200,272,620,162,12.35,9.15,0,0,0.7542,complete,train,1,20260805,1.0.0
H05-2022-W18,H05,medium_regional,central,18,2022,18,2022-05-02,730,140,80,138,226,53,19,1386,72,192,314,675,133,12.83,12.37,1,0,0.8033,extreme_but_valid,train,1,20260805,1.0.0
H05-2022-W19,H05,medium_regional,central,19,2022,19,2022-05-09,769,128,68,149,257,45,18,1434,114,218,257,692,153,12.66,12.02,0,0,0.7656,complete,train,1,20260805,1.0.0
H05-2022-W20,H05,medium_regional,central,20,2022,20,2022-05-16,752,96,89,149,234,29,13,1362,90,192,274,655,151,11.24,14.4,0,0,0.8044,extreme_but_valid,train,1,20260805,1.0.0
H05-2022-W21,H05,medium_regional,central,21,2022,21,2022-05-23,738,126,93,150,255,44,17,1423,104,222,277,675,145,11.45,12.92,0,0,0.8213,extreme_but_valid,train,1,20260805,1.0.0
H05-2022-W22,H05,medium_regional,central,22,2022,22,2022-05-30,720,97,79,141,254,34,13,1338,88,209,270,616,155,9.91,15.1,0,0,0.8266,extreme_but_valid,train,1,20260805,1.0.0
H05-2022-W23,H05,medium_regional,central,23,2022,23,2022-06-06,779,144,79,138,247,29,6,1422,80,228,310,654,150,8.98,17.3,0,0,0.7539,complete,train,1,20260805,1.0.0
H05-2022-W24,H05,medium_regional,central,24,2022,24,2022-06-13,739,104,73,158,220,36,10,1340,90,197,311,591,151,8.37,15.21,0,0,0.7592,complete,train,1,20260805,1.0.0
H05-2022-W25,H05,medium_regional,central,25,2022,25,2022-06-20,700,102,76,108,249,34,12,1281,80,191,254,611,145,8.77,20.02,0,0,0.7022,complete,train,1,20260805,1.0.0
H05-2022-W26,H05,medium_regional,central,26,2022,26,2022-06-27,627,79,57,111,211,35,15,1135,78,181,239,533,104,7.74,18.61,0,0,0.5727,complete,train,1,20260805,1.0.0
H05-2022-W27,H05,medium_regional,central,27,2022,27,2022-07-04,616,68,64,102,173,27,6,1056,62,137,217,500,140,6.99,17.09,0,1,0.5711,complete,train,1,20260805,1.0.0
H05-2022-W28,H05,medium_regional,central,28,2022,28,2022-07-11,547,63,56,71,197,27,17,978,58,138,183,485,114,7.21,28.8,0,1,0.5184,complete,train,1,20260805,1.0.0
H05-2022-W29,H05,medium_regional,central,29,2022,29,2022-07-18,499,45,55,72,154,39,15,879,57,133,172,413,104,8.14,19.61,0,1,0.3641,complete,train,1,20260805,1.0.0
H05-2022-W30,H05,medium_regional,central,30,2022,30,2022-07-25,482,39,52,86,153,43,15,870,40,101,171,455,103,7.3,17.42,0,1,0.3695,complete,train,1,20260805,1.0.0
H05-2022-W31,H05,medium_regional,central,31,2022,31,2022-08-01,467,44,36,55,154,27,12,795,48,108,138,398,103,9.42,15.89,0,0,0.3175,complete,train,1,20260805,1.0.0
H05-2022-W32,H05,medium_regional,central,32,2022,32,2022-08-08,501,21,30,63,143,28,14,800,40,93,172,403,92,8.56,16.63,0,0,0.2425,complete,train,1,20260805,1.0.0
H05-2022-W33,H05,medium_regional,central,33,2022,33,2022-08-15,422,29,23,64,133,34,18,723,44,105,139,340,95,8.31,16.93,0,0,0.2053,complete,train,1,20260805,1.0.0
H05-2022-W34,H05,medium_regional,central,34,2022,34,2022-08-22,357,26,21,59,119,34,17,633,28,84,103,338,80,8.97,15.91,0,0,0.1977,complete,train,1,20260805,1.0.0
H05-2022-W35,H05,medium_regional,central,35,2022,35,2022-08-29,393,11,29,70,132,22,4,661,45,97,131,319,69,9.49,16.54,0,0,0.2713,complete,train,1,20260805,1.0.0
H05-2022-W36,H05,medium_regional,central,36,2022,36,2022-09-05,390,13,27,56,144,26,8,664,31,104,144,321,64,9.17,16.72,0,0,0.2322,complete,train,1,20260805,1.0.0
H05-2022-W37,H05,medium_regional,central,37,2022,37,2022-09-12,397,11,23,62,131,27,6,657,35,103,130,309,80,9.92,15.72,0,0,0.2784,complete,train,1,20260805,1.0.0
H05-2022-W38,H05,medium_regional,central,38,2022,38,2022-09-19,422,16,26,72,151,23,5,715,34,110,147,332,92,11.25,15.69,1,0,0.1772,complete,train,1,20260805,1.0.0
H05-2022-W39,H05,medium_regional,central,39,2022,39,2022-09-26,392,14,31,63,146,19,3,668,46,88,134,319,81,11.5,11.88,1,0,0.239,complete,train,1,20260805,1.0.0
H05-2022-W40,H05,medium_regional,central,40,2022,40,2022-10-03,422,10,28,52,119,25,13,669,44,91,123,321,90,11.7,14.18,0,0,0.1321,complete,train,1,20260805,1.0.0
H05-2022-W41,H05,medium_regional,central,41,2022,41,2022-10-10,438,14,34,57,122,33,14,712,43,96,141,356,76,12.87,11.69,0,0,0.221,complete,train,1,20260805,1.0.0
H05-2022-W42,H05,medium_regional,central,42,2022,42,2022-10-17,458,14,39,49,135,27,17,739,44,87,143,385,80,13.52,12.89,0,0,0.1573,complete,train,1,20260805,1.0.0
H05-2022-W43,H05,medium_regional,central,43,2022,43,2022-10-24,475,15,35,55,138,24,7,749,39,102,152,383,73,15.51,12.96,0,0,0.1674,complete,train,1,20260805,1.0.0
H05-2022-W44,H05,medium_regional,central,44,2022,44,2022-10-31,442,11,26,42,121,17,5,664,31,73,136,340,84,15.09,11.6,0,0,0.1078,complete,train,1,20260805,1.0.0
H05-2022-W45,H05,medium_regional,central,45,2022,45,2022-11-07,380,8,25,48,105,33,12,611,41,87,113,305,65,15.84,7.92,0,0,0.102,complete,train,1,20260805,1.0.0
H05-2022-W46,H05,medium_regional,central,46,2022,46,2022-11-14,353,11,22,58,108,27,14,593,34,83,106,306,64,17.04,6.46,0,0,0.1003,complete,train,1,20260805,1.0.0
H05-2022-W47,H05,medium_regional,central,47,2022,47,2022-11-21,368,15,20,50,115,30,11,609,37,83,110,319,60,17.43,12.05,0,0,0.1562,complete,train,1,20260805,1.0.0
H05-2022-W48,H05,medium_regional,central,48,2022,48,2022-11-28,333,7,29,45,103,34,6,557,29,84,103,271,70,17.18,4.5,0,0,0.1216,complete,train,1,20260805,1.0.0
H05-2022-W49,H05,medium_regional,central,49,2022,49,2022-12-05,268,10,20,40,93,30,10,471,28,54,104,228,57,19.05,4.35,0,0,0.0502,complete,train,1,20260805,1.0.0
H05-2022-W50,H05,medium_regional,central,50,2022,50,2022-12-12,238,7,14,37,112,17,6,431,27,57,85,204,58,18.68,3.24,0,0,0.07,complete,train,1,20260805,1.0.0
H05-2022-W51,H05,medium_regional,central,51,2022,51,2022-12-19,285,9,29,41,108,22,6,500,29,52,97,254,68,19.53,1.01,0,0,0.1012,complete,train,1,20260805,1.0.0
H05-2022-W52,H05,medium_regional,central,52,2022,52,2022-12-26,260,12,18,34,89,26,12,451,27,59,76,229,60,20.26,0.77,1,0,0.0,complete,train,1,20260805,1.0.0
H05-2023-W01,H05,medium_regional,central,53,2023,1,2023-01-02,268,23,27,34,93,39,18,502,26,69,96,243,68,20.08,0.86,1,0,0.0854,complete,train,1,20260805,1.0.0
H05-2023-W02,H05,medium_regional,central,54,2023,2,2023-01-09,311,14,19,34,87,38,14,517,29,73,103,260,52,18.79,4.12,0,0,0.1135,complete,train,1,20260805,1.0.0
H05-2023-W03,H05,medium_regional,central,55,2023,3,2023-01-16,297,22,24,44,106,35,12,540,27,84,96,276,57,19.25,0.53,0,0,0.0388,complete,train,1,20260805,1.0.0
H05-2023-W04,H05,medium_regional,central,56,2023,4,2023-01-23,276,17,19,36,105,39,15,507,28,83,85,253,58,21.33,3.56,0,0,0.0611,complete,train,1,20260805,1.0.0
H05-2023-W05,H05,medium_regional,central,57,2023,5,2023-01-30,305,21,22,40,105,41,11,545,26,78,102,272,67,20.13,2.65,0,0,0.1033,complete,train,1,20260805,1.0.0
H05-2023-W06,H05,medium_regional,central,58,2023,6,2023-02-06,315,16,34,53,104,45,17,584,18,88,112,296,70,20.51,2.21,0,0,0.0744,complete,train,1,20260805,1.0.0
H05-2023-W07,H05,medium_regional,central,59,2023,7,2023-02-13,294,27,35,43,115,56,14,584,36,85,102,283,78,19.31,1.05,0,0,0.0953,complete,train,1,20260805,1.0.0
H05-2023-W08,H05,medium_regional,central,60,2023,8,2023-02-20,348,40,39,55,117,45,16,660,38,101,123,321,77,19.31,1.82,0,0,0.0677,complete,train,1,20260805,1.0.0
H05-2023-W09,H05,medium_regional,central,61,2023,9,2023-02-27,393,31,36,73,152,48,16,749,46,101,153,375,74,19.18,3.47,0,0,0.1698,complete,train,1,20260805,1.0.0
H05-2023-W10,H05,medium_regional,central,62,2023,10,2023-03-06,408,61,36,58,153,37,13,766,36,118,134,381,97,17.85,6.52,0,0,0.279,complete,train,1,20260805,1.0.0
H05-2023-W11,H05,medium_regional,central,63,2023,11,2023-03-13,458,78,43,81,180,41,10,891,46,114,163,442,126,18.93,12.88,0,0,0.2525,complete,train,1,20260805,1.0.0
H05-2023-W12,H05,medium_regional,central,64,2023,12,2023-03-20,444,68,52,73,170,35,13,855,68,123,163,418,83,17.52,6.06,0,0,0.2931,complete,train,1,20260805,1.0.0
H05-2023-W13,H05,medium_regional,central,65,2023,13,2023-03-27,447,76,77,83,179,46,14,922,64,114,182,444,118,17.04,6.94,0,0,0.3688,complete,train,1,20260805,1.0.0
H05-2023-W14,H05,medium_regional,central,66,2023,14,2023-04-03,594,103,65,98,203,34,16,1113,75,168,222,508,140,15.28,6.48,0,0,0.5411,complete,train,1,20260805,1.0.0
H05-2023-W15,H05,medium_regional,central,67,2023,15,2023-04-10,629,111,71,93,222,25,10,1161,76,182,212,559,132,14.14,11.0,1,0,0.7019,complete,train,1,20260805,1.0.0
H05-2023-W16,H05,medium_regional,central,68,2023,16,2023-04-17,648,108,71,111,255,30,12,1235,80,177,252,587,139,15.04,8.86,0,0,0.7264,complete,train,1,20260805,1.0.0
H05-2023-W17,H05,medium_regional,central,69,2023,17,2023-04-24,653,112,82,143,253,30,13,1286,72,199,259,604,152,12.24,11.04,0,0,0.8313,complete,train,1,20260805,1.0.0
H05-2023-W18,H05,medium_regional,central,70,2023,18,2023-05-01,728,145,74,140,248,17,4,1356,80,233,268,636,139,13.45,11.28,1,0,0.76,complete,train,1,20260805,1.0.0
H05-2023-W19,H05,medium_regional,central,71,2023,19,2023-05-08,765,123,85,157,261,25,16,1432,77,220,286,677,172,11.84,11.47,0,0,0.8662,extreme_but_valid,train,1,20260805,1.0.0
H05-2023-W20,H05,medium_regional,central,72,2023,20,2023-05-15,752,118,83,162,260,27,12,1414,92,212,276,676,158,11.0,11.97,0,0,0.8578,extreme_but_valid,train,1,20260805,1.0.0
H05-2023-W21,H05,medium_regional,central,73,2023,21,2023-05-22,774,139,87,146,236,14,5,1401,88,250,285,616,162,9.55,17.1,0,0,0.9255,extreme_but_valid,train,1,20260805,1.0.0
H05-2023-W22,H05,medium_regional,central,74,2023,22,2023-05-29,727,127,81,130,246,17,8,1336,103,199,294,605,135,10.42,13.57,0,0,0.8559,extreme_but_valid,train,1,20260805,1.0.0
H05-2023-W23,H05,medium_regional,central,75,2023,23,2023-06-05,751,140,74,132,277,19,11,1404,78,226,285,657,158,8.25,15.38,0,0,0.7725,complete,train,1,20260805,1.0.0
H05-2023-W24,H05,medium_regional,central,76,2023,24,2023-06-12,664,122,74,123,233,12,2,1230,82,180,254,583,131,8.45,23.15,0,0,0.7019,complete,train,1,20260805,1.0.0
H05-2023-W25,H05,medium_regional,central,77,2023,25,2023-06-19,604,112,81,103,212,18,2,1132,82,164,236,526,124,7.32,16.39,0,0,0.6411,complete,train,1,20260805,1.0.0
H05-2023-W26,H05,medium_regional,central,78,2023,26,2023-06-26,578,93,59,102,211,25,7,1075,63,174,204,514,120,7.69,16.11,0,0,0.617,complete,train,1,20260805,1.0.0
H05-2023-W27,H05,medium_regional,central,79,2023,27,2023-07-03,580,76,45,108,210,10,5,1034,63,136,203,498,134,7.28,23.49,0,1,0.5556,complete,train,1,20260805,1.0.0
H05-2023-W28,H05,medium_regional,central,80,2023,28,2023-07-10,472,76,62,79,169,21,11,890,57,121,183,434,95,8.71,16.66,0,1,0.5265,complete,train,1,20260805,1.0.0
H05-2023-W29,H05,medium_regional,central,81,2023,29,2023-07-17,501,58,48,94,172,17,4,894,56,124,184,431,99,7.46,20.11,0,1,0.4404,complete,train,1,20260805,1.0.0
H05-2023-W30,H05,medium_regional,central,82,2023,30,2023-07-24,442,36,35,68,169,17,4,771,49,103,155,371,93,7.81,18.36,0,1,0.3518,complete,train,1,20260805,1.0.0
H05-2023-W31,H05,medium_regional,central,83,2023,31,2023-07-31,491,34,40,61,164,13,2,805,44,137,160,380,84,6.76,18.68,0,0,0.2836,complete,train,1,20260805,1.0.0
H05-2023-W32,H05,medium_regional,central,84,2023,32,2023-08-07,463,31,31,67,176,12,4,784,39,119,139,401,86,8.14,16.46,0,0,0.2878,complete,train,1,20260805,1.0.0
H05-2023-W33,H05,medium_regional,central,85,2023,33,2023-08-14,484,28,34,80,144,13,1,784,39,106,157,384,98,8.08,15.23,0,0,0.2939,complete,train,1,20260805,1.0.0
H05-2023-W34,H05,medium_regional,central,86,2023,34,2023-08-21,441,8,28,67,120,15,1,680,40,108,121,316,95,9.91,22.96,0,0,0.3037,complete,train,1,20260805,1.0.0
H05-2023-W35,H05,medium_regional,central,87,2023,35,2023-08-28,432,19,22,41,140,14,4,672,40,79,131,333,89,6.79,16.25,0,0,0.1657,complete,train,1,20260805,1.0.0
H05-2023-W36,H05,medium_regional,central,88,2023,36,2023-09-04,382,12,39,53,150,14,11,661,40,80,128,325,88,8.45,17.76,0,0,0.3749,complete,train,1,20260805,1.0.0
H05-2023-W37,H05,medium_regional,central,89,2023,37,2023-09-11,416,13,31,67,120,14,5,666,33,92,125,344,72,9.09,12.91,0,0,0.1925,complete,train,1,20260805,1.0.0
H05-2023-W38,H05,medium_regional,central,90,2023,38,2023-09-18,401,10,37,54,123,14,2,641,31,91,124,299,96,11.3,12.24,1,0,0.3031,complete,train,1,20260805,1.0.0
H05-2023-W39,H05,medium_regional,central,91,2023,39,2023-09-25,423,10,33,67,124,10,2,669,41,102,134,319,73,11.63,11.94,1,0,0.2294,complete,train,1,20260805,1.0.0
H05-2023-W40,H05,medium_regional,central,92,2023,40,2023-10-02,365,15,22,50,121,12,2,587,35,94,102,295,61,12.94,15.28,0,0,0.1505,complete,train,1,20260805,1.0.0
H05-2023-W41,H05,medium_regional,central,93,2023,41,2023-10-09,420,2,30,53,125,8,3,641,35,81,117,330,78,12.88,9.35,0,0,0.1473,complete,train,1,20260805,1.0.0
H05-2023-W42,H05,medium_regional,central,94,2023,42,2023-10-16,364,12,31,42,134,17,5,605,35,85,108,300,77,14.64,10.0,0,0,0.2407,complete,train,1,20260805,1.0.0
H05-2023-W43,H05,medium_regional,central,95,2023,43,2023-10-23,342,8,27,40,122,10,9,558,36,59,114,281,68,13.64,8.64,0,0,0.1302,complete,train,1,20260805,1.0.0
H05-2023-W44,H05,medium_regional,central,96,2023,44,2023-10-30,355,13,30,46,118,8,3,573,40,68,122,275,68,16.52,6.37,0,0,0.195,complete,train,1,20260805,1.0.0
H05-2023-W45,H05,medium_regional,central,97,2023,45,2023-11-06,320,9,20,62,127,19,9,566,34,84,101,285,62,16.7,10.35,0,0,0.21,complete,train,1,20260805,1.0.0
H05-2023-W46,H05,medium_regional,central,98,2023,46,2023-11-13,353,9,28,37,126,13,5,571,24,76,103,296,72,15.48,8.84,0,0,0.1709,complete,train,1,20260805,1.0.0
H05-2023-W47,H05,medium_regional,central,99,2023,47,2023-11-20,311,7,21,48,113,9,1,510,26,75,98,247,64,17.03,3.91,0,0,0.0437,complete,train,1,20260805,1.0.0
H05-2023-W48,H05,medium_regional,central,100,2023,48,2023-11-27,336,16,18,38,123,18,5,554,30,92,104,251,77,18.17,3.71,0,0,0.0341,complete,train,1,20260805,1.0.0
H05-2023-W49,H05,medium_regional,central,101,2023,49,2023-12-04,308,13,24,44,101,15,6,511,26,79,91,246,69,18.4,3.2,0,0,0.1299,complete,train,1,20260805,1.0.0
H05-2023-W50,H05,medium_regional,central,102,2023,50,2023-12-11,279,9,28,34,96,16,13,475,31,61,70,256,57,19.77,3.42,0,0,0.0343,complete,train,1,20260805,1.0.0
H05-2023-W51,H05,medium_regional,central,103,2023,51,2023-12-18,287,11,21,48,106,21,10,504,24,72,107,240,61,19.38,6.76,0,0,0.1128,complete,train,1,20260805,1.0.0
H05-2023-W52,H05,medium_regional,central,104,2023,52,2023-12-25,316,11,19,43,89,18,7,503,19,71,97,259,57,20.82,3.31,1,0,0.0294,complete,train,1,20260805,1.0.0
H05-2024-W01,H05,medium_regional,central,105,2024,1,2024-01-01,277,11,12,47,96,16,9,468,24,71,92,226,55,19.52,2.28,1,0,0.0241,complete,train,1,20260805,1.0.0
H05-2024-W02,H05,medium_regional,central,106,2024,2,2024-01-08,274,15,26,36,110,28,10,499,30,55,94,267,53,21.78,0.61,0,0,0.0537,complete,train,1,20260805,1.0.0
H05-2024-W03,H05,medium_regional,central,107,2024,3,2024-01-15,283,22,21,43,81,22,3,475,18,63,102,231,61,20.6,4.59,0,0,0.0896,complete,train,1,20260805,1.0.0
H05-2024-W04,H05,medium_regional,central,108,2024,4,2024-01-22,233,20,27,40,94,22,8,444,25,53,96,215,55,20.11,5.63,0,0,0.0261,complete,train,1,20260805,1.0.0
H05-2024-W05,H05,medium_regional,central,109,2024,5,2024-01-29,267,13,24,52,95,23,7,481,23,57,96,253,52,20.04,1.29,0,0,0.0502,complete,train,1,20260805,1.0.0
H05-2024-W06,H05,medium_regional,central,110,2024,6,2024-02-05,276,28,28,42,106,25,6,511,29,70,103,244,65,21.53,2.32,0,0,0.1065,complete,train,1,20260805,1.0.0
H05-2024-W07,H05,medium_regional,central,111,2024,7,2024-02-12,225,28,32,43,123,31,6,488,32,65,96,243,52,19.7,5.54,0,0,0.1933,complete,train,1,20260805,1.0.0
H05-2024-W08,H05,medium_regional,central,112,2024,8,2024-02-19,255,31,28,46,139,22,5,526,32,70,98,260,66,19.5,3.63,0,0,0.1449,complete,train,1,20260805,1.0.0
H05-2024-W09,H05,medium_regional,central,113,2024,9,2024-02-26,253,54,29,68,149,17,7,577,38,87,95,289,68,20.67,2.11,0,0,0.1717,complete,train,1,20260805,1.0.0
H05-2024-W10,H05,medium_regional,central,114,2024,10,2024-03-04,332,55,42,72,148,25,8,682,36,105,132,327,82,18.38,4.84,0,0,0.2285,complete,train,1,20260805,1.0.0
H05-2024-W11,H05,medium_regional,central,115,2024,11,2024-03-11,397,69,54,70,159,26,6,781,53,125,156,363,84,16.98,4.01,0,0,0.3286,complete,train,1,20260805,1.0.0
H05-2024-W12,H05,medium_regional,central,116,2024,12,2024-03-18,475,79,43,89,169,20,5,880,54,127,189,413,97,17.1,11.44,0,0,0.3474,complete,train,1,20260805,1.0.0
H05-2024-W13,H05,medium_regional,central,117,2024,13,2024-03-25,561,93,52,97,176,20,9,1008,64,149,175,499,121,15.39,5.58,0,0,0.5206,complete,train,1,20260805,1.0.0
H05-2024-W14,H05,medium_regional,central,118,2024,14,2024-04-01,544,92,52,92,201,17,7,1005,66,152,195,493,99,16.23,8.71,0,0,0.492,complete,train,1,20260805,1.0.0
H05-2024-W15,H05,medium_regional,central,119,2024,15,2024-04-08,620,101,64,109,219,22,7,1142,75,162,213,566,126,16.24,13.02,1,0,0.601,complete,train,1,20260805,1.0.0
H05-2024-W16,H05,medium_regional,central,120,2024,16,2024-04-15,669,127,72,117,217,17,2,1221,91,194,236,557,143,14.84,9.35,0,0,0.7414,complete,train,1,20260805,1.0.0
H05-2024-W17,H05,medium_regional,central,121,2024,17,2024-04-22,747,144,78,118,260,8,3,1358,90,201,303,618,146,13.34,10.03,0,0,0.8625,extreme_but_valid,train,1,20260805,1.0.0
H05-2024-W18,H05,medium_regional,central,122,2024,18,2024-04-29,799,135,89,144,243,12,6,1428,78,220,291,651,188,10.91,12.48,1,0,0.7826,extreme_but_valid,train,1,20260805,1.0.0
H05-2024-W19,H05,medium_regional,central,123,2024,19,2024-05-06,825,122,95,162,220,10,3,1437,100,221,299,660,157,11.2,18.36,0,0,0.8538,extreme_but_valid,train,1,20260805,1.0.0
H05-2024-W20,H05,medium_regional,central,124,2024,20,2024-05-13,862,159,87,137,254,8,5,1512,101,250,295,699,167,11.81,12.84,0,0,0.8558,extreme_but_valid,train,1,20260805,1.0.0
H05-2024-W21,H05,medium_regional,central,125,2024,21,2024-05-20,750,154,88,147,252,13,5,1409,77,232,287,660,153,9.88,14.88,0,0,0.8575,extreme_but_valid,train,1,20260805,1.0.0
H05-2024-W22,H05,medium_regional,central,126,2024,22,2024-05-27,730,127,101,136,231,11,4,1340,83,209,272,634,142,9.8,15.56,0,0,0.8525,extreme_but_valid,train,1,20260805,1.0.0
H05-2024-W23,H05,medium_regional,central,127,2024,23,2024-06-03,799,131,87,153,259,8,7,1444,103,232,268,685,156,8.4,15.37,0,0,0.8114,extreme_but_valid,train,1,20260805,1.0.0
H05-2024-W24,H05,medium_regional,central,128,2024,24,2024-06-10,708,127,60,138,227,12,5,1277,77,194,263,600,143,9.54,16.89,0,0,0.6785,complete,train,1,20260805,1.0.0
H05-2024-W25,H05,medium_regional,central,129,2024,25,2024-06-17,690,111,69,133,228,5,5,1241,63,193,226,617,142,9.01,15.53,0,0,0.5769,complete,train,1,20260805,1.0.0
H05-2024-W26,H05,medium_regional,central,130,2024,26,2024-06-24,612,97,63,101,233,10,1,1117,56,156,244,536,125,8.46,16.04,0,0,0.4904,complete,train,1,20260805,1.0.0
H05-2024-W27,H05,medium_regional,central,131,2024,27,2024-07-01,541,85,53,100,208,9,3,999,52,152,198,494,103,7.0,18.76,0,1,0.4642,complete,train,1,20260805,1.0.0
H05-2024-W28,H05,medium_regional,central,132,2024,28,2024-07-08,538,72,48,93,205,4,1,961,60,165,196,429,111,9.03,17.17,0,1,0.4005,complete,train,1,20260805,1.0.0
H05-2024-W29,H05,medium_regional,central,133,2024,29,2024-07-15,506,65,47,89,174,6,2,889,48,135,171,415,120,7.49,24.18,0,1,0.4061,complete,train,1,20260805,1.0.0
H05-2024-W30,H05,medium_regional,central,134,2024,30,2024-07-22,420,47,42,73,157,6,3,748,43,99,134,391,81,6.54,16.86,0,1,0.2932,complete,train,1,20260805,1.0.0
H05-2024-W31,H05,medium_regional,central,135,2024,31,2024-07-29,440,52,31,64,142,5,1,735,39,116,139,370,71,8.68,17.39,0,0,0.3587,complete,train,1,20260805,1.0.0
H05-2024-W32,H05,medium_regional,central,136,2024,32,2024-08-05,396,29,40,69,139,7,4,684,38,98,126,329,93,8.89,16.38,0,0,0.1792,complete,train,1,20260805,1.0.0
H05-2024-W33,H05,medium_regional,central,137,2024,33,2024-08-12,410,27,35,71,137,7,4,691,42,95,116,341,97,8.8,17.16,0,0,0.2274,complete,train,1,20260805,1.0.0
H05-2024-W34,H05,medium_regional,central,138,2024,34,2024-08-19,406,28,37,67,144,5,0,687,42,93,130,337,85,9.6,15.8,0,0,0.2769,complete,train,1,20260805,1.0.0
H05-2024-W35,H05,medium_regional,central,139,2024,35,2024-08-26,396,22,30,55,145,9,6,663,31,93,140,315,84,10.23,15.6,0,0,0.1542,complete,train,1,20260805,1.0.0
H05-2024-W36,H05,medium_regional,central,140,2024,36,2024-09-02,436,9,30,65,150,8,1,699,35,97,120,347,100,10.08,14.89,0,0,0.1953,complete,train,1,20260805,1.0.0
H05-2024-W37,H05,medium_regional,central,141,2024,37,2024-09-09,382,18,33,50,129,8,6,626,34,84,118,323,67,10.42,12.92,0,0,0.2123,complete,train,1,20260805,1.0.0
H05-2024-W38,H05,medium_regional,central,142,2024,38,2024-09-16,388,13,28,57,146,9,1,642,29,88,123,322,80,11.69,14.3,1,0,0.1904,complete,train,1,20260805,1.0.0
H05-2024-W39,H05,medium_regional,central,143,2024,39,2024-09-23,381,15,29,46,136,6,3,616,38,93,124,297,64,11.52,14.32,1,0,0.1804,complete,train,1,20260805,1.0.0
H05-2024-W40,H05,medium_regional,central,144,2024,40,2024-09-30,327,9,29,49,138,6,1,559,29,82,109,267,72,11.69,22.24,0,0,0.1946,complete,train,1,20260805,1.0.0
H05-2024-W41,H05,medium_regional,central,145,2024,41,2024-10-07,288,12,32,51,152,9,6,550,40,63,83,300,64,13.92,9.5,0,0,0.0742,complete,train,1,20260805,1.0.0
H05-2024-W42,H05,medium_regional,central,146,2024,42,2024-10-14,322,6,37,51,126,9,0,551,33,57,110,292,59,14.07,13.22,0,0,0.2128,complete,train,1,20260805,1.0.0
H05-2024-W43,H05,medium_regional,central,147,2024,43,2024-10-21,418,11,15,43,113,8,3,611,31,88,121,310,61,16.41,12.5,0,0,0.2302,complete,train,1,20260805,1.0.0
H05-2024-W44,H05,medium_regional,central,148,2024,44,2024-10-28,399,13,32,37,125,10,2,618,33,81,113,307,84,15.25,6.69,0,0,0.1341,complete,train,1,20260805,1.0.0
H05-2024-W45,H05,medium_regional,central,149,2024,45,2024-11-04,347,14,24,39,115,6,0,545,41,59,85,301,59,17.34,5.5,0,0,0.1435,complete,train,1,20260805,1.0.0
H05-2024-W46,H05,medium_regional,central,150,2024,46,2024-11-11,341,12,21,44,129,6,3,556,36,73,99,285,63,16.7,5.4,0,0,0.0745,complete,train,1,20260805,1.0.0
H05-2024-W47,H05,medium_regional,central,151,2024,47,2024-11-18,306,9,23,45,121,8,4,516,30,71,85,256,74,18.66,9.21,0,0,0.1185,complete,train,1,20260805,1.0.0
H05-2024-W48,H05,medium_regional,central,152,2024,48,2024-11-25,243,10,19,31,108,11,4,426,27,52,86,221,40,19.79,6.02,0,0,0.0199,complete,train,1,20260805,1.0.0
H05-2024-W49,H05,medium_regional,central,153,2024,49,2024-12-02,275,6,27,42,123,6,2,481,28,60,91,256,46,18.58,3.81,0,0,0.042,complete,train,1,20260805,1.0.0
H05-2024-W50,H05,medium_regional,central,154,2024,50,2024-12-09,267,12,24,34,118,11,1,467,22,69,97,219,60,19.45,1.98,0,0,0.0,complete,train,1,20260805,1.0.0
H05-2024-W51,H05,medium_regional,central,155,2024,51,2024-12-16,248,13,22,41,96,10,3,433,20,64,84,211,54,19.46,6.26,0,0,0.0346,complete,train,1,20260805,1.0.0
H05-2024-W52,H05,medium_regional,central,156,2024,52,2024-12-23,340,11,16,39,96,9,3,514,24,62,110,260,58,19.98,0.52,1,0,0.0958,complete,train,1,20260805,1.0.0
H05-2025-W01,H05,medium_regional,central,157,2025,1,2024-12-30,299,15,11,28,97,7,1,458,15,58,93,233,59,19.76,2.38,1,0,0.0288,complete,test,1,20260805,1.0.0
H05-2025-W02,H05,medium_regional,central,158,2025,2,2025-01-06,307,12,14,37,104,15,5,494,30,71,97,233,63,19.17,2.23,0,0,0.0219,complete,test,1,20260805,1.0.0
H05-2025-W03,H05,medium_regional,central,159,2025,3,2025-01-13,281,15,29,35,114,11,3,488,25,64,85,241,73,20.85,1.84,0,0,0.0001,complete,test,1,20260805,1.0.0
H05-2025-W04,H05,medium_regional,central,160,2025,4,2025-01-20,251,13,25,40,109,17,10,465,25,74,91,224,51,19.66,0.91,0,0,0.0172,complete,test,1,20260805,1.0.0
H05-2025-W05,H05,medium_regional,central,161,2025,5,2025-01-27,283,32,22,43,96,13,7,496,25,67,99,253,52,19.45,3.72,0,0,0.0,complete,test,1,20260805,1.0.0
H05-2025-W06,H05,medium_regional,central,162,2025,6,2025-02-03,278,22,30,55,117,12,3,517,31,70,103,251,62,18.92,2.49,0,0,0.0308,complete,test,1,20260805,1.0.0
H05-2025-W07,H05,medium_regional,central,163,2025,7,2025-02-10,394,30,22,48,116,10,4,624,28,88,138,284,86,19.16,3.43,0,0,0.1275,complete,test,1,20260805,1.0.0
H05-2025-W08,H05,medium_regional,central,164,2025,8,2025-02-17,461,37,24,35,120,15,8,700,37,99,145,344,75,19.49,6.78,0,0,0.1525,complete,test,1,20260805,1.0.0
H05-2025-W09,H05,medium_regional,central,165,2025,9,2025-02-24,419,45,36,61,158,16,5,740,43,96,122,379,100,17.91,2.56,0,0,0.2473,complete,test,1,20260805,1.0.0
H05-2025-W10,H05,medium_regional,central,166,2025,10,2025-03-03,457,56,35,74,129,9,3,763,47,108,150,367,91,18.05,3.9,0,0,0.1439,complete,test,1,20260805,1.0.0
H05-2025-W11,H05,medium_regional,central,167,2025,11,2025-03-10,482,56,36,81,152,12,4,823,32,107,178,419,87,16.93,9.05,0,0,0.3201,complete,test,1,20260805,1.0.0
H05-2025-W12,H05,medium_regional,central,168,2025,12,2025-03-17,582,82,48,95,176,6,2,991,56,143,196,490,106,17.94,5.26,0,0,0.4008,complete,test,1,20260805,1.0.0
H05-2025-W13,H05,medium_regional,central,169,2025,13,2025-03-24,547,85,60,99,177,11,7,986,67,145,173,479,122,15.75,14.18,0,0,0.4837,complete,test,1,20260805,1.0.0
H05-2025-W14,H05,medium_regional,central,170,2025,14,2025-03-31,681,108,78,114,165,7,5,1158,75,182,224,554,123,14.29,10.73,0,0,0.5308,complete,test,1,20260805,1.0.0
H05-2025-W15,H05,medium_regional,central,171,2025,15,2025-04-07,686,129,46,138,200,16,3,1218,76,201,220,584,137,14.17,9.91,1,0,0.8068,extreme_but_valid,test,1,20260805,1.0.0
H05-2025-W16,H05,medium_regional,central,172,2025,16,2025-04-14,725,147,67,133,202,8,3,1285,71,212,247,592,163,14.2,8.92,0,0,0.6775,complete,test,1,20260805,1.0.0
H05-2025-W17,H05,medium_regional,central,173,2025,17,2025-04-21,776,157,89,123,236,8,1,1390,81,238,281,619,171,13.7,9.34,0,0,0.8183,extreme_but_valid,test,1,20260805,1.0.0
H05-2025-W18,H05,medium_regional,central,174,2025,18,2025-04-28,764,162,114,133,253,6,0,1432,108,211,261,678,174,12.47,10.51,1,0,0.8522,extreme_but_valid,test,1,20260805,1.0.0
H05-2025-W19,H05,medium_regional,central,175,2025,19,2025-05-05,807,163,71,136,262,6,2,1447,88,214,294,690,161,11.9,13.37,0,0,0.8682,extreme_but_valid,test,1,20260805,1.0.0
H05-2025-W20,H05,medium_regional,central,176,2025,20,2025-05-12,796,169,90,153,266,4,1,1479,103,246,278,694,158,10.76,12.06,0,0,0.8004,extreme_but_valid,test,1,20260805,1.0.0
H05-2025-W21,H05,medium_regional,central,177,2025,21,2025-05-19,746,162,96,124,257,6,6,1397,96,220,304,608,169,11.6,16.82,0,0,0.8665,extreme_but_valid,test,1,20260805,1.0.0
H05-2025-W22,H05,medium_regional,central,178,2025,22,2025-05-26,724,140,85,143,220,6,3,1321,94,223,242,617,145,9.54,15.1,0,0,0.7828,extreme_but_valid,test,1,20260805,1.0.0
H05-2025-W23,H05,medium_regional,central,179,2025,23,2025-06-02,754,139,66,152,257,3,1,1372,99,205,254,649,165,9.35,14.46,0,0,0.7065,complete,test,1,20260805,1.0.0
H05-2025-W24,H05,medium_regional,central,180,2025,24,2025-06-09,638,134,76,112,235,4,2,1201,64,177,264,574,122,8.77,15.9,0,0,0.6237,complete,test,1,20260805,1.0.0
H05-2025-W25,H05,medium_regional,central,181,2025,25,2025-06-16,662,122,66,101,208,4,2,1165,76,159,219,575,136,8.58,15.84,0,0,0.6662,complete,test,1,20260805,1.0.0
H05-2025-W26,H05,medium_regional,central,182,2025,26,2025-06-23,603,93,71,92,222,5,0,1086,61,140,238,524,123,8.5,21.23,0,0,0.6681,complete,test,1,20260805,1.0.0
H05-2025-W27,H05,medium_regional,central,183,2025,27,2025-06-30,541,80,59,85,206,0,1,972,60,148,175,475,114,7.12,19.17,0,1,0.5906,complete,test,1,20260805,1.0.0
H05-2025-W28,H05,medium_regional,central,184,2025,28,2025-07-07,563,73,62,85,177,5,4,969,44,134,202,482,107,8.71,15.98,0,1,0.4285,complete,test,1,20260805,1.0.0
H05-2025-W29,H05,medium_regional,central,185,2025,29,2025-07-14,507,68,49,100,194,5,0,923,53,143,174,441,112,8.3,23.88,0,1,0.3195,complete,test,1,20260805,1.0.0
H05-2025-W30,H05,medium_regional,central,186,2025,30,2025-07-21,465,53,44,77,115,5,2,761,48,129,153,352,79,7.14,17.32,0,1,0.2721,complete,test,1,20260805,1.0.0
H05-2025-W31,H05,medium_regional,central,187,2025,31,2025-07-28,519,48,42,66,133,5,2,815,59,101,161,396,98,8.75,19.98,0,0,0.2888,complete,test,1,20260805,1.0.0
H05-2025-W32,H05,medium_regional,central,188,2025,32,2025-08-04,509,34,38,73,127,0,4,785,42,112,162,383,86,7.96,16.23,0,0,0.3322,complete,test,1,20260805,1.0.0
H05-2025-W33,H05,medium_regional,central,189,2025,33,2025-08-11,484,32,27,63,153,8,3,770,50,110,163,363,84,7.68,18.97,0,0,0.2215,complete,test,1,20260805,1.0.0
H05-2025-W34,H05,medium_regional,central,190,2025,34,2025-08-18,476,27,43,57,117,2,0,722,54,83,134,357,94,8.82,15.57,0,0,0.2739,complete,test,1,20260805,1.0.0
H05-2025-W35,H05,medium_regional,central,191,2025,35,2025-08-25,432,23,27,56,133,3,1,675,31,99,133,313,99,9.41,14.93,0,0,0.2463,complete,test,1,20260805,1.0.0
H05-2025-W36,H05,medium_regional,central,192,2025,36,2025-09-01,405,19,22,56,135,3,1,641,47,83,115,315,81,10.42,14.85,0,0,0.2706,complete,test,1,20260805,1.0.0
H06-2022-W01,H06,high_volume_urban,central,1,2022,1,2022-01-03,384,12,23,39,117,67,27,669,57,97,123,309,83,19.67,0.38,1,0,0.0192,complete,train,1,20260805,1.0.0
H06-2022-W02,H06,high_volume_urban,central,2,2022,2,2022-01-10,381,14,33,35,125,74,24,686,41,103,143,328,71,18.91,4.87,0,0,0.0,complete,train,1,20260805,1.0.0
H06-2022-W03,H06,high_volume_urban,central,3,2022,3,2022-01-17,390,10,30,43,120,71,16,680,30,89,121,348,92,19.86,2.03,0,0,0.0167,complete,train,1,20260805,1.0.0
H06-2022-W04,H06,high_volume_urban,central,4,2022,4,2022-01-24,347,15,23,50,123,110,46,714,37,101,134,350,92,20.4,2.59,0,0,0.0,complete,train,1,20260805,1.0.0
H06-2022-W05,H06,high_volume_urban,central,5,2022,5,2022-01-31,445,25,36,40,139,103,33,821,44,121,159,404,93,19.82,2.95,0,0,0.0492,complete,train,1,20260805,1.0.0
H06-2022-W06,H06,high_volume_urban,central,6,2022,6,2022-02-07,383,24,27,55,131,107,31,758,32,101,147,388,90,19.21,1.34,0,0,0.0824,complete,train,1,20260805,1.0.0
H06-2022-W07,H06,high_volume_urban,central,7,2022,7,2022-02-14,410,24,36,65,147,94,27,803,44,121,166,374,98,19.49,2.45,0,0,0.1537,complete,train,1,20260805,1.0.0
H06-2022-W08,H06,high_volume_urban,central,8,2022,8,2022-02-21,401,30,43,64,148,108,31,825,47,123,157,391,107,18.78,3.8,0,0,0.2821,complete,train,1,20260805,1.0.0
H06-2022-W09,H06,high_volume_urban,central,9,2022,9,2022-02-28,439,39,28,62,130,85,32,815,45,103,151,409,107,18.41,6.03,0,0,0.1803,complete,train,1,20260805,1.0.0
H06-2022-W10,H06,high_volume_urban,central,10,2022,10,2022-03-07,583,45,56,91,166,95,39,1075,56,155,188,542,134,17.73,4.34,0,0,0.3507,complete,train,1,20260805,1.0.0
H06-2022-W11,H06,high_volume_urban,central,11,2022,11,2022-03-14,636,85,41,85,184,98,34,1163,79,161,242,542,139,19.39,7.22,0,0,0.3331,complete,train,1,20260805,1.0.0
H06-2022-W12,H06,high_volume_urban,central,12,2022,12,2022-03-21,729,73,68,109,226,87,31,1323,75,180,272,641,155,15.87,10.54,0,0,0.4293,complete,train,1,20260805,1.0.0
H06-2022-W13,H06,high_volume_urban,central,13,2022,13,2022-03-28,733,96,69,112,216,100,32,1358,81,218,260,652,147,15.45,8.36,0,0,0.4696,complete,train,1,20260805,1.0.0
H06-2022-W14,H06,high_volume_urban,central,14,2022,14,2022-04-04,721,104,91,129,246,73,17,1381,72,200,264,709,136,14.95,7.85,0,0,0.6065,complete,train,1,20260805,1.0.0
H06-2022-W15,H06,high_volume_urban,central,15,2022,15,2022-04-11,792,114,82,141,271,80,24,1504,86,221,314,692,191,15.47,13.93,1,0,0.6242,complete,train,1,20260805,1.0.0
H06-2022-W16,H06,high_volume_urban,central,16,2022,16,2022-04-18,832,125,100,158,249,61,23,1548,111,249,317,708,163,14.36,10.99,0,0,0.6368,complete,train,1,20260805,1.0.0
H06-2022-W17,H06,high_volume_urban,central,17,2022,17,2022-04-25,817,128,82,141,315,59,22,1564,95,256,308,739,166,13.44,20.01,0,0,0.75,complete,train,1,20260805,1.0.0
H06-2022-W18,H06,high_volume_urban,central,18,2022,18,2022-05-02,972,148,117,174,322,62,18,1813,121,304,361,834,193,12.83,13.4,1,0,0.7583,complete,train,1,20260805,1.0.0
H06-2022-W19,H06,high_volume_urban,central,19,2022,19,2022-05-09,1033,143,115,185,336,48,23,1883,125,322,360,872,204,9.77,13.43,0,0,0.8628,extreme_but_valid,train,1,20260805,1.0.0
H06-2022-W20,H06,high_volume_urban,central,20,2022,20,2022-05-16,1051,150,123,180,298,55,21,1878,117,283,384,881,213,11.08,14.04,0,0,0.9074,extreme_but_valid,train,1,20260805,1.0.0
H06-2022-W21,H06,high_volume_urban,central,21,2022,21,2022-05-23,1007,164,104,160,314,27,10,1786,120,279,371,844,172,10.13,13.1,0,0,0.8003,extreme_but_valid,train,1,20260805,1.0.0
H06-2022-W22,H06,high_volume_urban,central,22,2022,22,2022-05-30,912,137,122,190,309,49,14,1733,116,270,344,813,190,9.61,18.85,0,0,0.8075,extreme_but_valid,train,1,20260805,1.0.0
H06-2022-W23,H06,high_volume_urban,central,23,2022,23,2022-06-06,900,138,101,151,291,54,17,1652,114,267,307,772,192,9.26,17.74,0,0,0.8105,extreme_but_valid,train,1,20260805,1.0.0
H06-2022-W24,H06,high_volume_urban,central,24,2022,24,2022-06-13,869,146,102,157,285,35,11,1605,106,218,336,782,163,10.19,17.67,0,0,0.7464,complete,train,1,20260805,1.0.0
H06-2022-W25,H06,high_volume_urban,central,25,2022,25,2022-06-20,803,105,88,134,270,35,14,1449,80,209,297,697,166,8.38,18.48,0,0,0.6935,complete,train,1,20260805,1.0.0
H06-2022-W26,H06,high_volume_urban,central,26,2022,26,2022-06-27,790,123,78,122,259,45,14,1431,81,201,269,720,160,8.71,16.06,0,0,0.5449,complete,train,1,20260805,1.0.0
H06-2022-W27,H06,high_volume_urban,central,27,2022,27,2022-07-04,726,93,79,111,229,38,9,1285,87,170,254,625,149,7.28,17.8,0,1,0.5366,complete,train,1,20260805,1.0.0
H06-2022-W28,H06,high_volume_urban,central,28,2022,28,2022-07-11,678,74,50,124,199,33,9,1167,62,173,230,548,154,8.77,16.19,0,1,0.4306,complete,train,1,20260805,1.0.0
H06-2022-W29,H06,high_volume_urban,central,29,2022,29,2022-07-18,592,58,55,101,209,35,13,1063,63,172,226,472,130,7.51,16.58,0,1,0.4399,complete,train,1,20260805,1.0.0
H06-2022-W30,H06,high_volume_urban,central,30,2022,30,2022-07-25,607,50,65,106,189,42,12,1071,63,151,181,546,130,8.8,16.92,0,1,0.3632,complete,train,1,20260805,1.0.0
H06-2022-W31,H06,high_volume_urban,central,31,2022,31,2022-08-01,699,40,45,75,200,41,13,1113,73,145,217,538,140,8.37,15.82,0,0,0.2887,complete,train,1,20260805,1.0.0
H06-2022-W32,H06,high_volume_urban,central,32,2022,32,2022-08-08,622,38,43,60,171,30,20,984,64,129,208,474,109,7.96,21.79,0,0,0.2684,complete,train,1,20260805,1.0.0
H06-2022-W33,H06,high_volume_urban,central,33,2022,33,2022-08-15,611,38,45,82,173,31,9,989,54,141,166,517,111,8.91,16.21,0,0,0.2717,complete,train,1,20260805,1.0.0
H06-2022-W34,H06,high_volume_urban,central,34,2022,34,2022-08-22,486,21,38,73,154,26,10,808,45,104,154,403,102,9.8,20.58,0,0,0.3062,complete,train,1,20260805,1.0.0
H06-2022-W35,H06,high_volume_urban,central,35,2022,35,2022-08-29,496,25,37,56,166,32,12,824,38,113,168,394,111,10.6,14.7,0,0,0.2783,complete,train,1,20260805,1.0.0
H06-2022-W36,H06,high_volume_urban,central,36,2022,36,2022-09-05,454,21,48,74,152,40,19,808,37,113,169,399,90,9.16,18.02,0,0,0.1936,complete,train,1,20260805,1.0.0
H06-2022-W37,H06,high_volume_urban,central,37,2022,37,2022-09-12,415,16,33,65,183,30,10,752,35,98,136,401,82,10.72,18.48,0,0,0.1899,complete,train,1,20260805,1.0.0
H06-2022-W38,H06,high_volume_urban,central,38,2022,38,2022-09-19,473,17,32,77,182,42,8,831,36,135,152,404,104,11.56,14.28,1,0,0.2693,complete,train,1,20260805,1.0.0
H06-2022-W39,H06,high_volume_urban,central,39,2022,39,2022-09-26,452,11,44,55,152,37,6,757,32,96,145,391,93,12.01,11.85,1,0,0.1783,complete,train,1,20260805,1.0.0
H06-2022-W40,H06,high_volume_urban,central,40,2022,40,2022-10-03,429,10,47,60,161,33,6,746,43,100,137,378,88,11.84,15.45,0,0,0.1708,complete,train,1,20260805,1.0.0
H06-2022-W41,H06,high_volume_urban,central,41,2022,41,2022-10-10,399,9,44,59,140,21,8,680,45,88,120,332,95,14.07,15.39,0,0,0.144,complete,train,1,20260805,1.0.0
H06-2022-W42,H06,high_volume_urban,central,42,2022,42,2022-10-17,448,12,30,53,146,27,11,727,42,120,125,341,99,14.2,14.77,0,0,0.209,complete,train,1,20260805,1.0.0
H06-2022-W43,H06,high_volume_urban,central,43,2022,43,2022-10-24,462,14,38,53,154,38,17,776,39,90,158,382,107,13.85,9.31,0,0,0.1832,complete,train,1,20260805,1.0.0
H06-2022-W44,H06,high_volume_urban,central,44,2022,44,2022-10-31,496,13,28,62,152,40,12,803,46,111,141,426,79,14.3,6.15,0,0,0.1214,complete,train,1,20260805,1.0.0
H06-2022-W45,H06,high_volume_urban,central,45,2022,45,2022-11-07,391,9,29,56,148,36,14,683,43,77,120,335,108,16.68,5.68,0,0,0.0907,complete,train,1,20260805,1.0.0
H06-2022-W46,H06,high_volume_urban,central,46,2022,46,2022-11-14,369,19,49,59,166,29,9,700,36,96,156,327,85,16.83,6.31,0,0,0.1593,complete,train,1,20260805,1.0.0
H06-2022-W47,H06,high_volume_urban,central,47,2022,47,2022-11-21,345,14,46,43,137,39,14,638,25,88,124,321,80,17.35,10.67,0,0,0.0446,complete,train,1,20260805,1.0.0
H06-2022-W48,H06,high_volume_urban,central,48,2022,48,2022-11-28,306,11,29,50,130,26,8,560,34,80,110,269,67,18.19,4.65,0,0,0.055,complete,train,1,20260805,1.0.0
H06-2022-W49,H06,high_volume_urban,central,49,2022,49,2022-12-05,297,15,31,45,146,44,16,594,33,73,137,272,79,18.04,2.92,0,0,0.1077,complete,train,1,20260805,1.0.0
H06-2022-W50,H06,high_volume_urban,central,50,2022,50,2022-12-12,372,9,26,50,143,28,15,643,52,76,126,321,68,19.2,8.91,0,0,0.0826,complete,train,1,20260805,1.0.0
H06-2022-W51,H06,high_volume_urban,central,51,2022,51,2022-12-19,398,9,20,47,142,28,8,652,40,77,127,326,82,18.27,0.95,0,0,0.0732,complete,train,1,20260805,1.0.0
H06-2022-W52,H06,high_volume_urban,central,52,2022,52,2022-12-26,325,9,26,46,127,31,9,573,21,76,120,284,72,20.41,7.39,1,0,0.0272,complete,train,1,20260805,1.0.0
H06-2023-W01,H06,high_volume_urban,central,53,2023,1,2023-01-02,348,14,13,46,110,27,6,564,29,72,104,286,73,20.14,0.93,1,0,0.0464,complete,train,1,20260805,1.0.0
H06-2023-W02,H06,high_volume_urban,central,54,2023,2,2023-01-09,375,12,22,44,129,47,7,636,36,76,127,321,76,19.36,1.26,0,0,0.0142,complete,train,1,20260805,1.0.0
H06-2023-W03,H06,high_volume_urban,central,55,2023,3,2023-01-16,341,16,30,49,124,40,22,622,39,84,132,300,67,19.82,0.47,0,0,0.0551,complete,train,1,20260805,1.0.0
H06-2023-W04,H06,high_volume_urban,central,56,2023,4,2023-01-23,390,24,25,47,123,52,17,678,36,105,125,327,85,20.45,3.88,0,0,0.0623,complete,train,1,20260805,1.0.0
H06-2023-W05,H06,high_volume_urban,central,57,2023,5,2023-01-30,399,20,29,51,106,46,11,662,33,88,113,357,71,21.31,2.37,0,0,0.0685,complete,train,1,20260805,1.0.0
H06-2023-W06,H06,high_volume_urban,central,58,2023,6,2023-02-06,487,26,32,51,125,45,18,784,45,109,156,389,85,20.02,1.5,0,0,0.0147,complete,train,1,20260805,1.0.0
H06-2023-W07,H06,high_volume_urban,central,59,2023,7,2023-02-13,509,27,36,51,129,47,14,813,48,106,163,417,79,20.37,5.73,0,0,0.1113,complete,train,1,20260805,1.0.0
H06-2023-W08,H06,high_volume_urban,central,60,2023,8,2023-02-20,505,41,38,63,138,49,9,843,43,117,172,419,92,19.8,2.75,0,0,0.1591,complete,train,1,20260805,1.0.0
H06-2023-W09,H06,high_volume_urban,central,61,2023,9,2023-02-27,542,37,41,61,181,63,31,956,50,147,187,463,109,18.11,3.6,0,0,0.2151,complete,train,1,20260805,1.0.0
H06-2023-W10,H06,high_volume_urban,central,62,2023,10,2023-03-06,577,69,40,89,178,43,15,1011,51,151,196,483,130,18.92,3.07,0,0,0.3765,complete,train,1,20260805,1.0.0
H06-2023-W11,H06,high_volume_urban,central,63,2023,11,2023-03-13,584,82,70,94,206,52,13,1101,59,153,216,528,145,16.32,4.91,0,0,0.3276,complete,train,1,20260805,1.0.0
H06-2023-W12,H06,high_volume_urban,central,64,2023,12,2023-03-20,591,100,58,97,191,72,21,1130,84,155,233,541,117,17.17,6.54,0,0,0.4238,complete,train,1,20260805,1.0.0
H06-2023-W13,H06,high_volume_urban,central,65,2023,13,2023-03-27,659,102,72,114,234,46,13,1240,63,200,258,575,144,16.33,6.65,0,0,0.411,complete,train,1,20260805,1.0.0
H06-2023-W14,H06,high_volume_urban,central,66,2023,14,2023-04-03,734,129,86,114,250,49,19,1381,91,208,281,645,156,14.25,8.06,0,0,0.5566,complete,train,1,20260805,1.0.0
H06-2023-W15,H06,high_volume_urban,central,67,2023,15,2023-04-10,800,142,76,151,215,45,10,1439,88,229,271,713,138,15.04,10.26,1,0,0.6392,complete,train,1,20260805,1.0.0
H06-2023-W16,H06,high_volume_urban,central,68,2023,16,2023-04-17,844,135,85,152,266,41,12,1535,86,254,305,694,196,15.38,16.99,0,0,0.6205,complete,train,1,20260805,1.0.0
H06-2023-W17,H06,high_volume_urban,central,69,2023,17,2023-04-24,905,146,103,147,304,33,13,1651,119,246,371,732,183,13.2,9.63,0,0,0.7671,complete,train,1,20260805,1.0.0
H06-2023-W18,H06,high_volume_urban,central,70,2023,18,2023-05-01,951,171,102,194,334,43,11,1806,102,282,376,845,201,11.1,15.22,1,0,0.7819,extreme_but_valid,train,1,20260805,1.0.0
H06-2023-W19,H06,high_volume_urban,central,71,2023,19,2023-05-08,903,183,107,177,323,28,6,1727,108,261,385,791,182,12.32,14.57,0,0,0.8826,extreme_but_valid,train,1,20260805,1.0.0
H06-2023-W20,H06,high_volume_urban,central,72,2023,20,2023-05-15,970,175,107,160,314,24,9,1759,121,261,360,808,209,10.37,13.3,0,0,0.78,complete,train,1,20260805,1.0.0
H06-2023-W21,H06,high_volume_urban,central,73,2023,21,2023-05-22,986,147,120,175,319,20,3,1770,109,236,379,848,198,9.52,15.1,0,0,0.8663,extreme_but_valid,train,1,20260805,1.0.0
H06-2023-W22,H06,high_volume_urban,central,74,2023,22,2023-05-29,895,158,108,157,293,21,6,1638,106,240,344,730,218,11.67,13.7,0,0,0.7653,complete,train,1,20260805,1.0.0
H06-2023-W23,H06,high_volume_urban,central,75,2023,23,2023-06-05,932,152,102,177,304,30,8,1705,88,249,329,825,214,9.71,21.32,0,0,0.783,extreme_but_valid,train,1,20260805,1.0.0
H06-2023-W24,H06,high_volume_urban,central,76,2023,24,2023-06-12,868,132,104,172,289,19,10,1594,103,225,307,772,187,10.31,15.38,0,0,0.7158,complete,train,1,20260805,1.0.0
H06-2023-W25,H06,high_volume_urban,central,77,2023,25,2023-06-19,886,154,89,161,271,19,5,1585,111,234,295,783,162,8.48,19.38,0,0,0.6646,complete,train,1,20260805,1.0.0
H06-2023-W26,H06,high_volume_urban,central,78,2023,26,2023-06-26,809,106,76,133,233,23,12,1392,84,223,275,658,152,9.34,17.04,0,0,0.5336,complete,train,1,20260805,1.0.0
H06-2023-W27,H06,high_volume_urban,central,79,2023,27,2023-07-03,732,83,77,101,210,28,7,1238,63,212,236,574,153,9.13,18.01,0,1,0.4576,complete,train,1,20260805,1.0.0
H06-2023-W28,H06,high_volume_urban,central,80,2023,28,2023-07-10,705,74,57,105,223,15,4,1183,78,149,222,587,147,7.21,17.82,0,1,0.4354,complete,train,1,20260805,1.0.0
H06-2023-W29,H06,high_volume_urban,central,81,2023,29,2023-07-17,678,63,66,98,250,19,10,1184,77,173,218,567,149,7.66,17.49,0,1,0.4606,complete,train,1,20260805,1.0.0
H06-2023-W30,H06,high_volume_urban,central,82,2023,30,2023-07-24,618,62,67,99,186,20,12,1064,62,153,214,516,119,8.54,16.78,0,1,0.3425,complete,train,1,20260805,1.0.0
H06-2023-W31,H06,high_volume_urban,central,83,2023,31,2023-07-31,616,43,51,79,168,22,10,989,64,118,204,495,108,8.79,15.93,0,0,0.2405,complete,train,1,20260805,1.0.0
H06-2023-W32,H06,high_volume_urban,central,84,2023,32,2023-08-07,580,51,52,92,183,20,9,987,61,145,169,502,110,8.24,20.47,0,0,0.3716,complete,train,1,20260805,1.0.0
H06-2023-W33,H06,high_volume_urban,central,85,2023,33,2023-08-14,528,29,42,75,181,20,6,881,43,111,177,466,84,9.36,16.43,0,0,0.2288,complete,train,1,20260805,1.0.0
H06-2023-W34,H06,high_volume_urban,central,86,2023,34,2023-08-21,628,30,42,43,171,16,8,938,35,131,182,466,124,9.96,16.29,0,0,0.2055,complete,train,1,20260805,1.0.0
H06-2023-W35,H06,high_volume_urban,central,87,2023,35,2023-08-28,547,33,39,64,155,18,7,863,45,108,161,419,130,10.31,14.35,0,0,0.1843,complete,train,1,20260805,1.0.0
H06-2023-W36,H06,high_volume_urban,central,88,2023,36,2023-09-04,553,24,37,66,147,24,6,857,44,102,178,431,102,10.38,13.69,0,0,0.2196,complete,train,1,20260805,1.0.0
H06-2023-W37,H06,high_volume_urban,central,89,2023,37,2023-09-11,550,15,42,55,191,27,9,889,45,120,186,429,109,11.19,14.1,0,0,0.2518,complete,train,1,20260805,1.0.0
H06-2023-W38,H06,high_volume_urban,central,90,2023,38,2023-09-18,554,19,32,59,177,24,6,871,44,112,153,447,115,11.89,13.58,1,0,0.1514,complete,train,1,20260805,1.0.0
H06-2023-W39,H06,high_volume_urban,central,91,2023,39,2023-09-25,495,13,40,58,175,24,9,814,45,109,173,381,106,11.89,18.55,1,0,0.1142,complete,train,1,20260805,1.0.0
H06-2023-W40,H06,high_volume_urban,central,92,2023,40,2023-10-02,519,8,35,67,169,18,5,821,47,111,168,396,99,13.21,15.35,0,0,0.2424,complete,train,1,20260805,1.0.0
H06-2023-W41,H06,high_volume_urban,central,93,2023,41,2023-10-09,532,12,38,65,142,18,8,815,42,116,158,398,101,13.97,11.83,0,0,0.2167,complete,train,1,20260805,1.0.0
H06-2023-W42,H06,high_volume_urban,central,94,2023,42,2023-10-16,500,20,34,68,160,22,5,809,39,108,170,398,94,13.86,11.28,0,0,0.2069,complete,train,1,20260805,1.0.0
H06-2023-W43,H06,high_volume_urban,central,95,2023,43,2023-10-23,407,10,34,66,153,19,3,692,45,86,120,353,88,13.18,8.16,0,0,0.1903,complete,train,1,20260805,1.0.0
H06-2023-W44,H06,high_volume_urban,central,96,2023,44,2023-10-30,389,10,32,46,151,17,7,652,43,98,128,305,78,13.74,9.01,0,0,0.1073,complete,train,1,20260805,1.0.0
H06-2023-W45,H06,high_volume_urban,central,97,2023,45,2023-11-06,448,15,40,53,159,20,6,741,41,93,153,392,62,15.86,6.31,0,0,0.2082,complete,train,1,20260805,1.0.0
H06-2023-W46,H06,high_volume_urban,central,98,2023,46,2023-11-13,471,17,30,38,140,19,3,718,41,91,142,336,108,16.97,4.33,0,0,0.0781,complete,train,1,20260805,1.0.0
H06-2023-W47,H06,high_volume_urban,central,99,2023,47,2023-11-20,405,13,35,43,117,21,8,642,32,85,114,336,75,18.3,7.91,0,0,0.024,complete,train,1,20260805,1.0.0
H06-2023-W48,H06,high_volume_urban,central,100,2023,48,2023-11-27,464,10,35,45,116,18,3,691,34,96,133,361,67,17.7,4.85,0,0,0.136,complete,train,1,20260805,1.0.0
H06-2023-W49,H06,high_volume_urban,central,101,2023,49,2023-12-04,341,14,38,39,129,22,7,590,28,87,115,282,78,18.91,2.79,0,0,0.0746,complete,train,1,20260805,1.0.0
H06-2023-W50,H06,high_volume_urban,central,102,2023,50,2023-12-11,378,13,18,38,143,19,8,617,34,91,120,313,59,19.45,1.62,0,0,0.0765,complete,train,1,20260805,1.0.0
H06-2023-W51,H06,high_volume_urban,central,103,2023,51,2023-12-18,343,15,20,47,129,18,7,579,33,66,128,290,62,18.16,3.61,0,0,0.103,complete,train,1,20260805,1.0.0
H06-2023-W52,H06,high_volume_urban,central,104,2023,52,2023-12-25,426,7,29,39,133,20,10,664,38,72,137,333,84,19.08,5.13,1,0,0.0499,complete,train,1,20260805,1.0.0
H06-2024-W01,H06,high_volume_urban,central,105,2024,1,2024-01-01,419,6,20,37,130,15,4,631,35,103,98,329,66,19.95,0.27,1,0,0.0604,complete,train,1,20260805,1.0.0
H06-2024-W02,H06,high_volume_urban,central,106,2024,2,2024-01-08,337,14,23,40,115,13,3,545,27,74,104,280,60,19.09,3.36,0,0,0.0562,complete,train,1,20260805,1.0.0
H06-2024-W03,H06,high_volume_urban,central,107,2024,3,2024-01-15,306,19,18,43,132,26,5,549,24,82,119,253,71,20.46,4.05,0,0,0.0138,complete,train,1,20260805,1.0.0
H06-2024-W04,H06,high_volume_urban,central,108,2024,4,2024-01-22,261,24,24,41,111,21,5,487,28,61,93,240,65,19.71,1.91,0,0,0.0249,complete,train,1,20260805,1.0.0
H06-2024-W05,H06,high_volume_urban,central,109,2024,5,2024-01-29,291,28,27,43,122,32,11,554,33,82,111,258,70,19.61,1.45,0,0,0.0,complete,train,1,20260805,1.0.0
H06-2024-W06,H06,high_volume_urban,central,110,2024,6,2024-02-05,327,28,42,60,124,19,4,604,32,93,121,292,66,20.27,1.52,0,0,0.1085,complete,train,1,20260805,1.0.0
H06-2024-W07,H06,high_volume_urban,central,111,2024,7,2024-02-12,476,32,25,52,142,33,13,773,42,108,146,369,108,18.36,3.05,0,0,0.0795,complete,train,1,20260805,1.0.0
H06-2024-W08,H06,high_volume_urban,central,112,2024,8,2024-02-19,464,54,33,56,140,19,6,772,47,112,143,382,88,19.0,2.26,0,0,0.1851,complete,train,1,20260805,1.0.0
H06-2024-W09,H06,high_volume_urban,central,113,2024,9,2024-02-26,534,49,39,64,142,25,15,868,44,132,164,421,107,18.36,5.3,0,0,0.2089,complete,train,1,20260805,1.0.0
H06-2024-W10,H06,high_volume_urban,central,114,2024,10,2024-03-04,579,54,45,70,159,26,11,944,57,133,182,470,102,17.93,4.98,0,0,0.2461,complete,train,1,20260805,1.0.0
H06-2024-W11,H06,high_volume_urban,central,115,2024,11,2024-03-11,643,78,66,90,215,17,4,1113,71,182,226,499,135,16.24,6.39,0,0,0.3389,complete,train,1,20260805,1.0.0
H06-2024-W12,H06,high_volume_urban,central,116,2024,12,2024-03-18,655,110,63,97,188,22,10,1145,72,168,222,550,133,17.91,5.97,0,0,0.4465,complete,train,1,20260805,1.0.0
H06-2024-W13,H06,high_volume_urban,central,117,2024,13,2024-03-25,755,108,69,105,231,25,8,1301,79,171,269,633,149,16.87,5.53,0,0,0.5445,complete,train,1,20260805,1.0.0
H06-2024-W14,H06,high_volume_urban,central,118,2024,14,2024-04-01,795,130,78,133,226,15,3,1380,89,186,280,656,169,15.94,7.11,0,0,0.5203,complete,train,1,20260805,1.0.0
H06-2024-W15,H06,high_volume_urban,central,119,2024,15,2024-04-08,886,139,91,152,276,15,3,1562,96,229,318,746,173,15.66,10.43,1,0,0.6179,complete,train,1,20260805,1.0.0
H06-2024-W16,H06,high_volume_urban,central,120,2024,16,2024-04-15,849,152,86,158,278,21,7,1551,99,240,315,726,171,15.63,8.09,0,0,0.7124,complete,train,1,20260805,1.0.0
H06-2024-W17,H06,high_volume_urban,central,121,2024,17,2024-04-22,989,151,106,166,293,10,1,1716,98,278,335,786,219,12.7,12.85,0,0,0.7727,complete,train,1,20260805,1.0.0
H06-2024-W18,H06,high_volume_urban,central,122,2024,18,2024-04-29,1044,159,103,178,322,15,8,1829,127,282,378,831,211,11.14,12.25,1,0,0.8583,extreme_but_valid,train,1,20260805,1.0.0
H06-2024-W19,H06,high_volume_urban,central,123,2024,19,2024-05-06,1054,179,114,184,300,12,4,1847,121,281,380,850,215,12.52,13.82,0,0,0.7609,complete,train,1,20260805,1.0.0
H06-2024-W20,H06,high_volume_urban,central,124,2024,20,2024-05-13,1039,152,96,180,311,16,5,1799,107,279,388,844,181,10.28,12.32,0,0,0.8403,extreme_but_valid,train,1,20260805,1.0.0
H06-2024-W21,H06,high_volume_urban,central,125,2024,21,2024-05-20,1037,177,107,172,296,18,4,1811,139,272,351,849,200,9.8,12.68,0,0,0.8225,extreme_but_valid,train,1,20260805,1.0.0
H06-2024-W22,H06,high_volume_urban,central,126,2024,22,2024-05-27,971,183,119,170,313,5,0,1761,117,290,358,790,206,9.64,14.06,0,0,0.8108,extreme_but_valid,train,1,20260805,1.0.0
H06-2024-W23,H06,high_volume_urban,central,127,2024,23,2024-06-03,948,150,79,152,297,10,4,1640,93,266,330,781,170,9.11,16.41,0,0,0.7581,complete,train,1,20260805,1.0.0
H06-2024-W24,H06,high_volume_urban,central,128,2024,24,2024-06-10,990,156,109,175,294,4,0,1728,107,287,347,800,187,8.33,17.52,0,0,0.6627,complete,train,1,20260805,1.0.0
H06-2024-W25,H06,high_volume_urban,central,129,2024,25,2024-06-17,829,143,97,148,269,6,2,1494,85,202,286,735,186,7.5,15.6,0,0,0.6731,complete,train,1,20260805,1.0.0
H06-2024-W26,H06,high_volume_urban,central,130,2024,26,2024-06-24,838,124,79,119,235,8,3,1406,88,197,271,683,167,9.04,15.91,0,0,0.5891,complete,train,1,20260805,1.0.0
H06-2024-W27,H06,high_volume_urban,central,131,2024,27,2024-07-01,754,111,72,118,234,12,1,1302,75,196,252,628,151,8.59,16.02,0,1,0.6033,complete,train,1,20260805,1.0.0
H06-2024-W28,H06,high_volume_urban,central,132,2024,28,2024-07-08,683,74,64,118,259,5,3,1206,74,151,219,629,133,8.78,18.0,0,1,0.588,complete,train,1,20260805,1.0.0
H06-2024-W29,H06,high_volume_urban,central,133,2024,29,2024-07-15,706,68,62,115,220,13,1,1185,71,175,217,586,136,7.65,20.95,0,1,0.425,complete,train,1,20260805,1.0.0
H06-2024-W30,H06,high_volume_urban,central,134,2024,30,2024-07-22,634,73,53,82,209,8,2,1061,55,139,200,526,141,7.49,17.64,0,1,0.2327,complete,train,1,20260805,1.0.0
H06-2024-W31,H06,high_volume_urban,central,135,2024,31,2024-07-29,608,70,46,98,190,9,4,1025,52,160,208,493,112,8.01,16.6,0,0,0.3818,complete,train,1,20260805,1.0.0
H06-2024-W32,H06,high_volume_urban,central,136,2024,32,2024-08-05,547,37,37,71,158,7,1,858,56,105,158,440,99,7.08,23.85,0,0,0.2864,complete,train,1,20260805,1.0.0
H06-2024-W33,H06,high_volume_urban,central,137,2024,33,2024-08-12,515,26,43,66,173,7,2,832,48,131,178,378,97,8.22,17.52,0,0,0.3535,complete,train,1,20260805,1.0.0
H06-2024-W34,H06,high_volume_urban,central,138,2024,34,2024-08-19,537,27,35,75,168,13,3,858,46,121,147,448,96,8.73,18.05,0,0,0.344,complete,train,1,20260805,1.0.0
H06-2024-W35,H06,high_volume_urban,central,139,2024,35,2024-08-26,516,26,46,87,155,12,6,848,66,123,163,396,100,9.74,17.5,0,0,0.2545,complete,train,1,20260805,1.0.0
H06-2024-W36,H06,high_volume_urban,central,140,2024,36,2024-09-02,557,23,40,73,174,15,5,887,44,122,169,439,113,10.45,14.87,0,0,0.2106,complete,train,1,20260805,1.0.0
H06-2024-W37,H06,high_volume_urban,central,141,2024,37,2024-09-09,529,17,51,59,182,10,0,848,59,107,147,445,90,9.66,13.25,0,0,0.2093,complete,train,1,20260805,1.0.0
H06-2024-W38,H06,high_volume_urban,central,142,2024,38,2024-09-16,598,11,33,49,182,16,6,895,43,123,171,453,105,11.45,13.38,1,0,0.2064,complete,train,1,20260805,1.0.0
H06-2024-W39,H06,high_volume_urban,central,143,2024,39,2024-09-23,569,9,31,66,185,8,4,872,55,128,164,420,105,11.54,15.71,1,0,0.2225,complete,train,1,20260805,1.0.0
H06-2024-W40,H06,high_volume_urban,central,144,2024,40,2024-09-30,544,14,33,60,164,5,1,821,38,116,138,416,113,11.8,10.69,0,0,0.26,complete,train,1,20260805,1.0.0
H06-2024-W41,H06,high_volume_urban,central,145,2024,41,2024-10-07,525,11,35,53,163,11,3,801,47,101,158,409,86,13.12,11.15,0,0,0.1662,complete,train,1,20260805,1.0.0
H06-2024-W42,H06,high_volume_urban,central,146,2024,42,2024-10-14,414,9,39,62,144,12,4,684,40,90,138,350,66,15.24,10.07,0,0,0.2612,complete,train,1,20260805,1.0.0
H06-2024-W43,H06,high_volume_urban,central,147,2024,43,2024-10-21,480,14,36,65,127,12,3,737,45,94,137,393,68,14.03,12.18,0,0,0.1655,complete,train,1,20260805,1.0.0
H06-2024-W44,H06,high_volume_urban,central,148,2024,44,2024-10-28,532,15,33,52,162,5,2,801,53,107,158,369,114,15.17,7.75,0,0,0.182,complete,train,1,20260805,1.0.0
H06-2024-W45,H06,high_volume_urban,central,149,2024,45,2024-11-04,472,11,29,50,152,10,6,730,47,118,143,343,79,17.07,13.99,0,0,0.1606,complete,train,1,20260805,1.0.0
H06-2024-W46,H06,high_volume_urban,central,150,2024,46,2024-11-11,476,13,32,51,136,7,3,718,40,90,136,354,98,16.4,10.05,0,0,0.0867,complete,train,1,20260805,1.0.0
H06-2024-W47,H06,high_volume_urban,central,151,2024,47,2024-11-18,460,16,26,45,135,9,0,691,38,110,110,354,79,17.93,7.03,0,0,0.0433,complete,train,1,20260805,1.0.0
H06-2024-W48,H06,high_volume_urban,central,152,2024,48,2024-11-25,382,14,25,39,108,11,4,583,36,81,107,279,80,18.03,13.06,0,0,0.1279,complete,train,1,20260805,1.0.0
H06-2024-W49,H06,high_volume_urban,central,153,2024,49,2024-12-02,312,10,29,38,136,3,2,530,36,62,106,259,67,17.2,7.32,0,0,0.0924,complete,train,1,20260805,1.0.0
H06-2024-W50,H06,high_volume_urban,central,154,2024,50,2024-12-09,409,11,28,62,137,8,2,657,29,74,137,334,83,19.47,2.25,0,0,0.0257,complete,train,1,20260805,1.0.0
H06-2024-W51,H06,high_volume_urban,central,155,2024,51,2024-12-16,347,13,32,45,122,3,0,562,31,70,111,295,55,19.75,1.32,0,0,0.0233,complete,train,1,20260805,1.0.0
H06-2024-W52,H06,high_volume_urban,central,156,2024,52,2024-12-23,345,10,27,33,123,5,3,546,20,73,98,296,59,20.95,1.06,1,0,0.0,complete,train,1,20260805,1.0.0
H06-2025-W01,H06,high_volume_urban,central,157,2025,1,2024-12-30,351,10,23,42,125,12,2,565,36,75,104,268,82,20.49,4.1,1,0,0.0525,complete,test,1,20260805,1.0.0
H06-2025-W02,H06,high_volume_urban,central,158,2025,2,2025-01-06,270,19,30,41,104,6,6,476,23,76,80,237,60,21.55,2.32,0,0,0.0,complete,test,1,20260805,1.0.0
H06-2025-W03,H06,high_volume_urban,central,159,2025,3,2025-01-13,275,13,33,35,131,13,5,505,31,64,108,234,68,20.31,1.66,0,0,0.0649,complete,test,1,20260805,1.0.0
H06-2025-W04,H06,high_volume_urban,central,160,2025,4,2025-01-20,271,31,35,50,113,16,6,522,24,64,102,271,61,18.56,3.82,0,0,0.0762,complete,test,1,20260805,1.0.0
H06-2025-W05,H06,high_volume_urban,central,161,2025,5,2025-01-27,411,36,25,64,139,19,3,697,37,91,138,358,73,20.42,1.58,0,0,0.0681,complete,test,1,20260805,1.0.0
H06-2025-W06,H06,high_volume_urban,central,162,2025,6,2025-02-03,380,28,34,49,135,18,5,649,36,95,120,309,89,20.13,3.86,0,0,0.0378,complete,test,1,20260805,1.0.0
H06-2025-W07,H06,high_volume_urban,central,163,2025,7,2025-02-10,477,33,35,55,147,17,6,770,38,109,132,403,88,19.2,6.77,0,0,0.1666,complete,test,1,20260805,1.0.0
H06-2025-W08,H06,high_volume_urban,central,164,2025,8,2025-02-17,521,58,43,64,152,20,8,866,52,102,159,455,98,19.98,3.44,0,0,0.047,complete,test,1,20260805,1.0.0
H06-2025-W09,H06,high_volume_urban,central,165,2025,9,2025-02-24,518,43,54,66,152,17,3,853,53,114,168,418,100,16.88,2.4,0,0,0.1536,complete,test,1,20260805,1.0.0
H06-2025-W10,H06,high_volume_urban,central,166,2025,10,2025-03-03,498,66,52,74,187,11,3,891,52,129,172,426,112,18.79,3.19,0,0,0.2653,complete,test,1,20260805,1.0.0
H06-2025-W11,H06,high_volume_urban,central,167,2025,11,2025-03-10,568,90,62,87,183,12,3,1005,68,129,200,481,127,17.13,5.26,0,0,0.2116,complete,test,1,20260805,1.0.0
H06-2025-W12,H06,high_volume_urban,central,168,2025,12,2025-03-17,553,92,60,91,218,15,5,1034,63,155,213,489,114,15.63,9.56,0,0,0.3002,complete,test,1,20260805,1.0.0
H06-2025-W13,H06,high_volume_urban,central,169,2025,13,2025-03-24,687,111,72,123,239,9,6,1247,77,187,242,606,135,17.13,6.94,0,0,0.5465,complete,test,1,20260805,1.0.0
H06-2025-W14,H06,high_volume_urban,central,170,2025,14,2025-03-31,724,123,76,126,250,12,8,1319,88,191,280,613,147,14.91,7.19,0,0,0.6059,complete,test,1,20260805,1.0.0
H06-2025-W15,H06,high_volume_urban,central,171,2025,15,2025-04-07,815,157,91,128,256,7,2,1456,88,211,305,678,174,15.41,7.71,1,0,0.6735,complete,test,1,20260805,1.0.0
H06-2025-W16,H06,high_volume_urban,central,172,2025,16,2025-04-14,892,160,106,162,287,8,1,1616,100,227,332,766,191,15.31,8.71,0,0,0.6353,complete,test,1,20260805,1.0.0
H06-2025-W17,H06,high_volume_urban,central,173,2025,17,2025-04-21,977,171,85,165,292,7,4,1701,100,236,342,821,202,13.56,9.48,0,0,0.7179,complete,test,1,20260805,1.0.0
H06-2025-W18,H06,high_volume_urban,central,174,2025,18,2025-04-28,1047,185,92,158,310,8,5,1805,119,291,369,849,177,12.89,10.19,1,0,0.8522,extreme_but_valid,test,1,20260805,1.0.0
H06-2025-W19,H06,high_volume_urban,central,175,2025,19,2025-05-05,1035,163,107,185,315,9,1,1815,109,266,399,852,189,11.69,11.31,0,0,0.8415,extreme_but_valid,test,1,20260805,1.0.0
H06-2025-W20,H06,high_volume_urban,central,176,2025,20,2025-05-12,1114,185,97,172,320,6,4,1898,139,302,385,878,194,11.34,13.89,0,0,0.9557,extreme_but_valid,test,1,20260805,1.0.0
H06-2025-W21,H06,high_volume_urban,central,177,2025,21,2025-05-19,1092,185,105,199,321,8,3,1913,119,307,405,869,213,11.1,15.02,0,0,0.8773,extreme_but_valid,test,1,20260805,1.0.0
H06-2025-W22,H06,high_volume_urban,central,178,2025,22,2025-05-26,962,186,113,187,320,6,2,1776,115,262,353,849,197,10.21,13.58,0,0,0.7916,extreme_but_valid,test,1,20260805,1.0.0
H06-2025-W23,H06,high_volume_urban,central,179,2025,23,2025-06-02,905,164,111,177,300,7,2,1666,123,264,337,769,173,9.48,17.34,0,0,0.8103,extreme_but_valid,test,1,20260805,1.0.0
H06-2025-W24,H06,high_volume_urban,central,180,2025,24,2025-06-09,864,168,115,170,296,8,3,1624,107,235,318,773,191,8.67,25.16,0,0,0.6515,complete,test,1,20260805,1.0.0
H06-2025-W25,H06,high_volume_urban,central,181,2025,25,2025-06-16,878,128,77,148,269,6,3,1509,103,217,311,717,161,8.17,16.38,0,0,0.6603,complete,test,1,20260805,1.0.0
H06-2025-W26,H06,high_volume_urban,central,182,2025,26,2025-06-23,881,123,82,136,255,5,1,1483,89,211,305,702,176,8.42,19.69,0,0,0.5242,complete,test,1,20260805,1.0.0
H06-2025-W27,H06,high_volume_urban,central,183,2025,27,2025-06-30,824,119,73,124,252,2,0,1394,85,184,312,662,151,6.7,16.93,0,1,0.5399,complete,test,1,20260805,1.0.0
H06-2025-W28,H06,high_volume_urban,central,184,2025,28,2025-07-07,712,90,69,133,215,8,5,1232,77,182,231,598,144,8.12,16.37,0,1,0.4589,complete,test,1,20260805,1.0.0
H06-2025-W29,H06,high_volume_urban,central,185,2025,29,2025-07-14,627,80,65,102,188,5,2,1069,71,161,212,503,122,8.66,20.28,0,1,0.3714,complete,test,1,20260805,1.0.0
H06-2025-W30,H06,high_volume_urban,central,186,2025,30,2025-07-21,635,66,52,94,182,5,3,1037,49,130,211,532,115,7.09,17.52,0,1,0.3789,complete,test,1,20260805,1.0.0
H06-2025-W31,H06,high_volume_urban,central,187,2025,31,2025-07-28,625,43,51,87,181,8,2,997,67,150,208,467,105,8.47,16.98,0,0,0.3107,complete,test,1,20260805,1.0.0
H06-2025-W32,H06,high_volume_urban,central,188,2025,32,2025-08-04,564,41,41,92,191,7,1,937,44,134,186,473,100,8.99,15.78,0,0,0.29,complete,test,1,20260805,1.0.0
H06-2025-W33,H06,high_volume_urban,central,189,2025,33,2025-08-11,537,42,36,73,181,7,6,882,59,98,167,443,115,9.54,16.83,0,0,0.3033,complete,test,1,20260805,1.0.0
H06-2025-W34,H06,high_volume_urban,central,190,2025,34,2025-08-18,512,35,32,81,144,7,3,814,43,112,176,400,83,8.84,16.71,0,0,0.1888,complete,test,1,20260805,1.0.0
H06-2025-W35,H06,high_volume_urban,central,191,2025,35,2025-08-25,532,27,28,66,170,7,1,831,47,113,166,406,99,9.92,17.09,0,0,0.2306,complete,test,1,20260805,1.0.0
H06-2025-W36,H06,high_volume_urban,central,192,2025,36,2025-09-01,600,24,40,63,165,9,3,904,42,124,167,442,129,8.8,16.41,0,0,0.2926,complete,test,1,20260805,1.0.0
H07-2022-W01,H07,medium_regional,south,1,2022,1,2022-01-03,295,10,20,35,89,62,23,534,29,71,123,249,62,15.11,2.94,1,0,0.0,complete,train,1,20260805,1.0.0
H07-2022-W02,H07,medium_regional,south,2,2022,2,2022-01-10,259,15,20,31,93,70,20,508,26,64,103,256,59,17.02,4.85,0,0,0.0091,complete,train,1,20260805,1.0.0
H07-2022-W03,H07,medium_regional,south,3,2022,3,2022-01-17,254,18,19,33,104,52,10,490,27,67,81,240,75,16.63,6.29,0,0,0.0,complete,train,1,20260805,1.0.0
H07-2022-W04,H07,medium_regional,south,4,2022,4,2022-01-24,174,11,18,34,111,69,26,443,28,60,85,210,60,16.8,3.41,0,0,0.1037,complete,train,1,20260805,1.0.0
H07-2022-W05,H07,medium_regional,south,5,2022,5,2022-01-31,244,22,22,39,103,86,37,553,38,90,106,263,56,17.61,0.94,0,0,0.0354,complete,train,1,20260805,1.0.0
H07-2022-W06,H07,medium_regional,south,6,2022,6,2022-02-07,337,23,30,39,118,70,25,642,37,91,140,305,69,15.99,1.27,0,0,0.0702,complete,train,1,20260805,1.0.0
H07-2022-W07,H07,medium_regional,south,7,2022,7,2022-02-14,337,27,22,38,104,71,19,618,35,72,134,294,83,15.88,7.44,0,0,0.0789,complete,train,1,20260805,1.0.0
H07-2022-W08,H07,medium_regional,south,8,2022,8,2022-02-21,334,31,29,43,111,82,22,652,37,94,131,312,78,15.6,3.82,0,0,0.1742,complete,train,1,20260805,1.0.0
H07-2022-W09,H07,medium_regional,south,9,2022,9,2022-02-28,362,35,42,62,130,63,29,723,43,82,157,362,79,14.99,10.19,0,0,0.249,complete,train,1,20260805,1.0.0
H07-2022-W10,H07,medium_regional,south,10,2022,10,2022-03-07,359,42,47,58,149,84,27,766,47,104,131,381,103,14.05,11.29,0,0,0.3118,complete,train,1,20260805,1.0.0
H07-2022-W11,H07,medium_regional,south,11,2022,11,2022-03-14,444,52,43,80,169,65,16,869,65,128,161,410,105,14.48,7.11,0,0,0.4373,complete,train,1,20260805,1.0.0
H07-2022-W12,H07,medium_regional,south,12,2022,12,2022-03-21,474,66,53,79,185,85,32,974,59,167,178,457,113,12.6,10.5,0,0,0.3759,complete,train,1,20260805,1.0.0
H07-2022-W13,H07,medium_regional,south,13,2022,13,2022-03-28,547,70,49,93,165,61,29,1014,62,157,218,461,116,12.81,11.2,0,0,0.5511,complete,train,1,20260805,1.0.0
H07-2022-W14,H07,medium_regional,south,14,2022,14,2022-04-04,606,93,66,117,180,66,26,1154,67,183,244,536,124,11.99,16.87,0,0,0.677,complete,train,1,20260805,1.0.0
H07-2022-W15,H07,medium_regional,south,15,2022,15,2022-04-11,650,104,77,114,204,75,38,1262,72,172,242,628,148,12.05,16.29,1,0,0.598,complete,train,1,20260805,1.0.0
H07-2022-W16,H07,medium_regional,south,16,2022,16,2022-04-18,646,124,89,132,229,59,13,1292,89,202,285,587,129,11.33,15.79,0,0,0.6617,complete,train,1,20260805,1.0.0
H07-2022-W17,H07,medium_regional,south,17,2022,17,2022-04-25,729,118,75,147,262,54,20,1405,87,230,272,656,160,9.49,20.31,0,0,0.7548,complete,train,1,20260805,1.0.0
H07-2022-W18,H07,medium_regional,south,18,2022,18,2022-05-02,778,122,74,149,251,43,18,1435,93,227,299,647,169,9.45,21.1,1,0,0.7987,extreme_but_valid,train,1,20260805,1.0.0
H07-2022-W19,H07,medium_regional,south,19,2022,19,2022-05-09,755,120,70,133,265,39,13,1395,86,200,278,666,165,7.28,22.85,0,0,0.8428,extreme_but_valid,train,1,20260805,1.0.0
H07-2022-W20,H07,medium_regional,south,20,2022,20,2022-05-16,759,124,75,133,264,40,11,1406,78,230,280,647,171,7.16,26.87,0,0,0.9302,extreme_but_valid,train,1,20260805,1.0.0
H07-2022-W21,H07,medium_regional,south,21,2022,21,2022-05-23,775,115,81,154,252,47,13,1437,109,205,289,694,140,5.87,34.51,0,0,0.8986,extreme_but_valid,train,1,20260805,1.0.0
H07-2022-W22,H07,medium_regional,south,22,2022,22,2022-05-30,769,128,87,139,243,33,12,1411,98,236,276,649,152,7.07,26.37,0,0,0.8308,extreme_but_valid,train,1,20260805,1.0.0
H07-2022-W23,H07,medium_regional,south,23,2022,23,2022-06-06,758,113,67,124,225,28,17,1332,106,218,250,632,126,5.6,29.82,0,0,0.7822,extreme_but_valid,train,1,20260805,1.0.0
H07-2022-W24,H07,medium_regional,south,24,2022,24,2022-06-13,709,99,73,106,221,32,17,1257,91,183,237,595,151,4.12,29.08,0,0,0.7457,complete,train,1,20260805,1.0.0
H07-2022-W25,H07,medium_regional,south,25,2022,25,2022-06-20,696,84,81,130,190,31,6,1218,68,178,250,588,134,5.21,31.68,0,0,0.7693,complete,train,1,20260805,1.0.0
H07-2022-W26,H07,medium_regional,south,26,2022,26,2022-06-27,631,83,51,81,193,41,16,1096,54,161,200,546,135,5.58,30.47,0,0,0.5562,complete,train,1,20260805,1.0.0
H07-2022-W27,H07,medium_regional,south,27,2022,27,2022-07-04,587,83,50,90,187,27,8,1032,71,151,218,482,110,5.07,30.69,0,1,0.4743,complete,train,1,20260805,1.0.0
H07-2022-W28,H07,medium_regional,south,28,2022,28,2022-07-11,574,62,52,83,194,25,9,999,53,156,194,480,116,3.65,31.46,0,1,0.4357,complete,train,1,20260805,1.0.0
H07-2022-W29,H07,medium_regional,south,29,2022,29,2022-07-18,496,54,42,80,176,31,8,887,47,117,170,447,106,4.57,34.83,0,1,0.3673,complete,train,1,20260805,1.0.0
H07-2022-W30,H07,medium_regional,south,30,2022,30,2022-07-25,456,48,39,69,134,28,11,785,48,125,134,393,85,3.19,31.91,0,1,0.3448,complete,train,1,20260805,1.0.0
H07-2022-W31,H07,medium_regional,south,31,2022,31,2022-08-01,483,49,42,78,155,21,7,835,55,96,177,407,100,3.01,39.72,0,0,0.2836,complete,train,1,20260805,1.0.0
H07-2022-W32,H07,medium_regional,south,32,2022,32,2022-08-08,395,34,35,62,134,28,12,700,35,95,126,359,85,4.22,31.1,0,0,0.3134,complete,train,1,20260805,1.0.0
H07-2022-W33,H07,medium_regional,south,33,2022,33,2022-08-15,324,21,35,46,132,23,9,590,21,83,115,319,52,5.77,29.76,0,0,0.2416,complete,train,1,20260805,1.0.0
H07-2022-W34,H07,medium_regional,south,34,2022,34,2022-08-22,390,13,30,70,127,25,5,660,37,108,122,314,79,5.55,29.18,0,0,0.2547,complete,train,1,20260805,1.0.0
H07-2022-W35,H07,medium_regional,south,35,2022,35,2022-08-29,433,16,31,49,124,30,13,696,47,100,118,348,83,6.11,28.36,0,0,0.1858,complete,train,1,20260805,1.0.0
H07-2022-W36,H07,medium_regional,south,36,2022,36,2022-09-05,431,18,23,54,137,25,4,692,39,89,127,361,76,7.63,26.02,0,0,0.1626,complete,train,1,20260805,1.0.0
H07-2022-W37,H07,medium_regional,south,37,2022,37,2022-09-12,445,22,28,54,146,26,11,732,34,101,137,379,81,8.01,24.51,0,0,0.2175,complete,train,1,20260805,1.0.0
H07-2022-W38,H07,medium_regional,south,38,2022,38,2022-09-19,370,11,36,51,128,35,17,648,39,92,117,328,72,7.83,24.49,1,0,0.2021,complete,train,1,20260805,1.0.0
H07-2022-W39,H07,medium_regional,south,39,2022,39,2022-09-26,355,13,19,35,131,32,14,599,32,72,100,327,68,8.47,21.28,1,0,0.1568,complete,train,1,20260805,1.0.0
H07-2022-W40,H07,medium_regional,south,40,2022,40,2022-10-03,444,17,27,65,124,40,11,728,35,97,133,367,96,7.35,22.09,0,0,0.1801,complete,train,1,20260805,1.0.0
H07-2022-W41,H07,medium_regional,south,41,2022,41,2022-10-10,374,8,22,49,122,36,16,627,34,85,123,297,88,8.71,18.11,0,0,0.2553,complete,train,1,20260805,1.0.0
H07-2022-W42,H07,medium_regional,south,42,2022,42,2022-10-17,282,7,31,57,121,17,8,523,30,65,97,269,62,10.03,15.95,0,0,0.2466,complete,train,1,20260805,1.0.0
H07-2022-W43,H07,medium_regional,south,43,2022,43,2022-10-24,329,8,28,49,121,28,7,570,28,79,104,311,48,11.9,15.12,0,0,0.1737,complete,train,1,20260805,1.0.0
H07-2022-W44,H07,medium_regional,south,44,2022,44,2022-10-31,408,7,25,61,111,33,11,656,41,91,106,328,90,11.59,14.84,0,0,0.2305,complete,train,1,20260805,1.0.0
H07-2022-W45,H07,medium_regional,south,45,2022,45,2022-11-07,345,14,32,32,122,28,12,585,37,73,103,296,76,13.56,15.09,0,0,0.1831,complete,train,1,20260805,1.0.0
H07-2022-W46,H07,medium_regional,south,46,2022,46,2022-11-14,317,7,25,48,115,38,15,565,25,60,113,299,68,12.25,8.88,0,0,0.1344,complete,train,1,20260805,1.0.0
H07-2022-W47,H07,medium_regional,south,47,2022,47,2022-11-21,347,7,27,40,109,23,7,560,31,75,108,276,70,13.78,7.18,0,0,0.1287,complete,train,1,20260805,1.0.0
H07-2022-W48,H07,medium_regional,south,48,2022,48,2022-11-28,300,9,27,35,105,40,17,533,28,73,100,279,53,14.02,7.63,0,0,0.0882,complete,train,1,20260805,1.0.0
H07-2022-W49,H07,medium_regional,south,49,2022,49,2022-12-05,276,7,23,30,100,26,14,476,29,78,67,234,68,17.33,4.3,0,0,0.0542,complete,train,1,20260805,1.0.0
H07-2022-W50,H07,medium_regional,south,50,2022,50,2022-12-12,365,8,22,23,116,30,9,573,21,61,118,311,62,14.48,5.75,0,0,0.1196,complete,train,1,20260805,1.0.0
H07-2022-W51,H07,medium_regional,south,51,2022,51,2022-12-19,355,7,19,34,113,26,6,560,33,70,103,278,76,16.66,3.09,0,0,0.0939,complete,train,1,20260805,1.0.0
H07-2022-W52,H07,medium_regional,south,52,2022,52,2022-12-26,352,9,31,28,93,23,2,538,31,66,104,280,57,16.0,1.88,1,0,0.0,complete,train,1,20260805,1.0.0
H07-2023-W01,H07,medium_regional,south,53,2023,1,2023-01-02,272,7,14,33,97,28,6,457,28,52,97,232,48,17.0,3.14,1,0,0.0838,complete,train,1,20260805,1.0.0
H07-2023-W02,H07,medium_regional,south,54,2023,2,2023-01-09,266,16,15,35,114,27,14,487,35,61,83,257,51,16.56,3.29,0,0,0.0219,complete,train,1,20260805,1.0.0
H07-2023-W03,H07,medium_regional,south,55,2023,3,2023-01-16,238,9,21,38,110,45,14,475,27,54,101,238,55,16.4,0.25,0,0,0.0,complete,train,1,20260805,1.0.0
H07-2023-W04,H07,medium_regional,south,56,2023,4,2023-01-23,238,9,25,41,100,39,10,462,31,59,97,235,40,17.18,1.84,0,0,0.0294,complete,train,1,20260805,1.0.0
H07-2023-W05,H07,medium_regional,south,57,2023,5,2023-01-30,264,16,35,56,115,33,18,537,25,70,101,280,61,16.76,0.58,0,0,0.1084,complete,train,1,20260805,1.0.0
H07-2023-W06,H07,medium_regional,south,58,2023,6,2023-02-06,321,26,26,40,99,52,24,588,36,78,113,297,64,15.2,4.11,0,0,0.0844,complete,train,1,20260805,1.0.0
H07-2023-W07,H07,medium_regional,south,59,2023,7,2023-02-13,315,25,28,48,116,37,8,577,36,61,112,301,67,16.16,2.22,0,0,0.1435,complete,train,1,20260805,1.0.0
H07-2023-W08,H07,medium_regional,south,60,2023,8,2023-02-20,300,29,25,41,121,46,15,577,45,87,79,283,83,14.7,3.03,0,0,0.2091,complete,train,1,20260805,1.0.0
H07-2023-W09,H07,medium_regional,south,61,2023,9,2023-02-27,363,33,30,59,127,53,20,685,45,86,160,319,75,13.61,9.32,0,0,0.2074,complete,train,1,20260805,1.0.0
H07-2023-W10,H07,medium_regional,south,62,2023,10,2023-03-06,460,48,43,71,154,34,14,824,52,104,156,399,113,13.77,10.16,0,0,0.3069,complete,train,1,20260805,1.0.0
H07-2023-W11,H07,medium_regional,south,63,2023,11,2023-03-13,466,52,49,75,169,22,12,845,51,119,167,414,94,13.87,9.8,0,0,0.3091,complete,train,1,20260805,1.0.0
H07-2023-W12,H07,medium_regional,south,64,2023,12,2023-03-20,506,61,59,78,157,33,9,903,58,128,186,438,93,14.03,11.96,0,0,0.4217,complete,train,1,20260805,1.0.0
H07-2023-W13,H07,medium_regional,south,65,2023,13,2023-03-27,583,78,53,83,157,37,13,1004,67,155,200,476,106,11.67,12.68,0,0,0.5105,complete,train,1,20260805,1.0.0
H07-2023-W14,H07,medium_regional,south,66,2023,14,2023-04-03,667,104,70,103,197,23,9,1173,66,178,256,551,122,10.74,11.97,0,0,0.5364,complete,train,1,20260805,1.0.0
H07-2023-W15,H07,medium_regional,south,67,2023,15,2023-04-10,680,98,72,101,215,32,11,1209,83,205,233,543,145,11.44,13.8,1,0,0.5968,complete,train,1,20260805,1.0.0
H07-2023-W16,H07,medium_regional,south,68,2023,16,2023-04-17,678,98,73,130,202,34,8,1223,71,192,254,565,141,10.62,16.87,0,0,0.6857,complete,train,1,20260805,1.0.0
H07-2023-W17,H07,medium_regional,south,69,2023,17,2023-04-24,720,128,85,131,255,28,14,1361,84,208,265,655,149,9.58,21.95,0,0,0.8162,extreme_but_valid,train,1,20260805,1.0.0
H07-2023-W18,H07,medium_regional,south,70,2023,18,2023-05-01,748,130,73,143,227,20,8,1349,91,235,245,634,144,8.63,19.37,1,0,0.8112,extreme_but_valid,train,1,20260805,1.0.0
H07-2023-W19,H07,medium_regional,south,71,2023,19,2023-05-08,738,129,101,145,226,31,13,1383,96,221,267,651,148,8.52,23.92,0,0,0.7477,complete,train,1,20260805,1.0.0
H07-2023-W20,H07,medium_regional,south,72,2023,20,2023-05-15,750,123,80,132,265,26,7,1383,85,212,319,639,128,8.05,23.28,0,0,0.7869,extreme_but_valid,train,1,20260805,1.0.0
H07-2023-W21,H07,medium_regional,south,73,2023,21,2023-05-22,733,128,80,137,247,16,6,1347,88,222,282,634,121,7.55,26.25,0,0,0.832,extreme_but_valid,train,1,20260805,1.0.0
H07-2023-W22,H07,medium_regional,south,74,2023,22,2023-05-29,726,131,89,128,261,19,4,1358,92,200,274,628,164,7.62,26.85,0,0,0.8809,extreme_but_valid,train,1,20260805,1.0.0
H07-2023-W23,H07,medium_regional,south,75,2023,23,2023-06-05,723,115,83,136,240,16,2,1315,92,185,272,612,154,5.53,27.28,0,0,0.7809,extreme_but_valid,train,1,20260805,1.0.0
H07-2023-W24,H07,medium_regional,south,76,2023,24,2023-06-12,756,122,86,121,212,16,4,1317,98,207,278,589,145,4.78,30.57,0,0,0.7606,complete,train,1,20260805,1.0.0
H07-2023-W25,H07,medium_regional,south,77,2023,25,2023-06-19,716,99,72,96,240,16,2,1241,90,173,250,595,133,5.88,36.89,0,0,0.6697,complete,train,1,20260805,1.0.0
H07-2023-W26,H07,medium_regional,south,78,2023,26,2023-06-26,648,74,78,91,209,13,5,1118,59,180,214,518,147,4.23,31.64,0,0,0.6571,complete,train,1,20260805,1.0.0
H07-2023-W27,H07,medium_regional,south,79,2023,27,2023-07-03,488,65,67,98,213,8,9,948,59,128,188,454,119,5.99,31.02,0,1,0.5629,complete,train,1,20260805,1.0.0
H07-2023-W28,H07,medium_regional,south,80,2023,28,2023-07-10,509,74,52,85,175,10,3,908,61,125,159,439,124,5.76,37.5,0,1,0.4212,complete,train,1,20260805,1.0.0
H07-2023-W29,H07,medium_regional,south,81,2023,29,2023-07-17,515,52,46,93,175,19,4,904,64,122,188,438,92,5.12,32.66,0,1,0.4139,complete,train,1,20260805,1.0.0
H07-2023-W30,H07,medium_regional,south,82,2023,30,2023-07-24,414,39,53,60,153,14,4,737,41,97,156,365,78,4.36,31.48,0,1,0.3426,complete,train,1,20260805,1.0.0
H07-2023-W31,H07,medium_regional,south,83,2023,31,2023-07-31,496,26,52,70,157,15,5,821,39,114,151,414,103,5.23,33.14,0,0,0.341,complete,train,1,20260805,1.0.0
H07-2023-W32,H07,medium_regional,south,84,2023,32,2023-08-07,485,23,35,76,150,13,3,785,51,109,149,391,85,5.06,37.8,0,0,0.223,complete,train,1,20260805,1.0.0
H07-2023-W33,H07,medium_regional,south,85,2023,33,2023-08-14,443,25,41,43,115,16,4,687,38,113,137,336,63,5.2,34.27,0,0,0.1981,complete,train,1,20260805,1.0.0
H07-2023-W34,H07,medium_regional,south,86,2023,34,2023-08-21,377,19,37,55,133,13,7,641,41,85,117,332,66,4.14,30.07,0,0,0.3072,complete,train,1,20260805,1.0.0
H07-2023-W35,H07,medium_regional,south,87,2023,35,2023-08-28,377,16,41,53,106,15,3,611,36,87,126,287,75,6.79,27.62,0,0,0.2427,complete,train,1,20260805,1.0.0
H07-2023-W36,H07,medium_regional,south,88,2023,36,2023-09-04,420,16,39,56,151,14,5,701,32,93,142,348,86,6.48,28.2,0,0,0.2243,complete,train,1,20260805,1.0.0
H07-2023-W37,H07,medium_regional,south,89,2023,37,2023-09-11,394,10,37,63,143,15,7,669,33,90,144,335,67,7.54,27.19,0,0,0.1391,complete,train,1,20260805,1.0.0
H07-2023-W38,H07,medium_regional,south,90,2023,38,2023-09-18,409,6,24,44,114,14,5,616,27,85,118,332,54,8.52,23.12,1,0,0.1858,complete,train,1,20260805,1.0.0
H07-2023-W39,H07,medium_regional,south,91,2023,39,2023-09-25,423,18,32,67,118,11,2,671,31,86,133,341,80,8.69,22.15,1,0,0.1451,complete,train,1,20260805,1.0.0
H07-2023-W40,H07,medium_regional,south,92,2023,40,2023-10-02,356,10,27,55,133,16,5,602,42,68,101,310,81,8.49,22.23,0,0,0.2343,complete,train,1,20260805,1.0.0
H07-2023-W41,H07,medium_regional,south,93,2023,41,2023-10-09,337,14,27,47,127,20,1,573,22,77,99,307,68,8.83,18.22,0,0,0.185,complete,train,1,20260805,1.0.0
H07-2023-W42,H07,medium_regional,south,94,2023,42,2023-10-16,315,16,27,41,140,11,4,554,40,74,112,265,63,10.94,16.98,0,0,0.1248,complete,train,1,20260805,1.0.0
H07-2023-W43,H07,medium_regional,south,95,2023,43,2023-10-23,329,11,28,51,122,11,0,552,35,62,120,271,64,11.96,15.83,0,0,0.1407,complete,train,1,20260805,1.0.0
H07-2023-W44,H07,medium_regional,south,96,2023,44,2023-10-30,331,9,34,45,125,12,7,563,34,59,113,288,69,12.95,11.89,0,0,0.1479,complete,train,1,20260805,1.0.0
H07-2023-W45,H07,medium_regional,south,97,2023,45,2023-11-06,313,8,24,44,109,9,2,509,36,71,96,247,59,13.34,10.73,0,0,0.1086,complete,train,1,20260805,1.0.0
H07-2023-W46,H07,medium_regional,south,98,2023,46,2023-11-13,344,9,15,43,116,13,8,548,32,77,118,263,58,11.56,12.74,0,0,0.186,complete,train,1,20260805,1.0.0
H07-2023-W47,H07,medium_regional,south,99,2023,47,2023-11-20,308,4,24,42,128,14,4,524,27,79,96,275,47,12.5,7.84,0,0,0.0807,complete,train,1,20260805,1.0.0
H07-2023-W48,H07,medium_regional,south,100,2023,48,2023-11-27,268,12,21,36,93,13,4,447,26,61,78,224,58,13.95,7.93,0,0,0.1192,complete,train,1,20260805,1.0.0
H07-2023-W49,H07,medium_regional,south,101,2023,49,2023-12-04,285,8,26,39,105,9,2,474,23,70,91,231,59,15.15,5.82,0,0,0.0823,complete,train,1,20260805,1.0.0
H07-2023-W50,H07,medium_regional,south,102,2023,50,2023-12-11,315,11,30,31,114,9,8,518,28,68,88,263,71,15.44,3.83,0,0,0.0325,complete,train,1,20260805,1.0.0
H07-2023-W51,H07,medium_regional,south,103,2023,51,2023-12-18,323,12,29,49,103,11,2,529,26,75,92,268,68,14.43,3.09,0,0,0.0671,complete,train,1,20260805,1.0.0
H07-2023-W52,H07,medium_regional,south,104,2023,52,2023-12-25,291,12,19,35,120,13,3,493,37,69,92,245,50,17.37,3.1,1,0,0.0067,complete,train,1,20260805,1.0.0
H07-2024-W01,H07,medium_regional,south,105,2024,1,2024-01-01,352,20,19,27,93,26,7,544,30,77,117,259,61,14.96,1.65,1,0,0.0,complete,train,1,20260805,1.0.0
H07-2024-W02,H07,medium_regional,south,106,2024,2,2024-01-08,288,13,21,30,106,22,8,488,37,67,83,253,48,17.25,0.6,0,0,0.0,complete,train,1,20260805,1.0.0
H07-2024-W03,H07,medium_regional,south,107,2024,3,2024-01-15,214,21,22,29,91,25,6,408,22,49,74,208,55,16.07,1.04,0,0,0.0187,complete,train,1,20260805,1.0.0
H07-2024-W04,H07,medium_regional,south,108,2024,4,2024-01-22,226,16,31,30,94,14,7,418,23,57,78,196,64,17.18,2.04,0,0,0.0391,complete,train,1,20260805,1.0.0
H07-2024-W05,H07,medium_regional,south,109,2024,5,2024-01-29,255,22,22,37,113,13,7,469,26,62,97,226,58,15.91,3.77,0,0,0.0107,complete,train,1,20260805,1.0.0
H07-2024-W06,H07,medium_regional,south,110,2024,6,2024-02-05,370,21,24,39,103,16,2,575,19,92,132,259,73,14.75,4.24,0,0,0.1178,complete,train,1,20260805,1.0.0
H07-2024-W07,H07,medium_regional,south,111,2024,7,2024-02-12,294,21,22,47,119,15,5,523,31,68,104,272,48,16.07,3.23,0,0,0.1058,complete,train,1,20260805,1.0.0
H07-2024-W08,H07,medium_regional,south,112,2024,8,2024-02-19,353,33,28,42,115,26,7,604,38,83,105,303,75,14.87,4.6,0,0,0.076,complete,train,1,20260805,1.0.0
H07-2024-W09,H07,medium_regional,south,113,2024,9,2024-02-26,383,38,34,72,124,17,5,673,44,83,134,334,78,13.96,4.53,0,0,0.227,complete,train,1,20260805,1.0.0
H07-2024-W10,H07,medium_regional,south,114,2024,10,2024-03-04,445,50,46,58,137,16,11,763,47,103,142,390,81,15.14,5.5,0,0,0.2269,complete,train,1,20260805,1.0.0
H07-2024-W11,H07,medium_regional,south,115,2024,11,2024-03-11,526,63,32,67,162,21,15,886,42,124,167,454,99,13.71,7.32,0,0,0.3566,complete,train,1,20260805,1.0.0
H07-2024-W12,H07,medium_regional,south,116,2024,12,2024-03-18,558,68,57,65,151,24,11,934,68,138,189,451,88,13.58,10.64,0,0,0.3898,complete,train,1,20260805,1.0.0
H07-2024-W13,H07,medium_regional,south,117,2024,13,2024-03-25,648,90,55,85,175,27,7,1087,68,160,196,541,122,12.27,10.51,0,0,0.545,complete,train,1,20260805,1.0.0
H07-2024-W14,H07,medium_regional,south,118,2024,14,2024-04-01,598,65,57,100,196,14,8,1038,59,179,223,463,114,13.33,17.28,0,0,0.5457,complete,train,1,20260805,1.0.0
H07-2024-W15,H07,medium_regional,south,119,2024,15,2024-04-08,659,94,71,119,173,21,10,1147,72,178,236,544,117,11.55,16.84,1,0,0.6679,complete,train,1,20260805,1.0.0
H07-2024-W16,H07,medium_regional,south,120,2024,16,2024-04-15,745,133,89,125,221,16,5,1334,83,211,274,617,149,10.59,17.79,0,0,0.6848,complete,train,1,20260805,1.0.0
H07-2024-W17,H07,medium_regional,south,121,2024,17,2024-04-22,763,154,68,131,241,14,3,1374,84,195,296,637,162,9.03,23.1,0,0,0.7997,extreme_but_valid,train,1,20260805,1.0.0
H07-2024-W18,H07,medium_regional,south,122,2024,18,2024-04-29,793,137,84,152,274,14,2,1456,80,239,322,666,149,9.72,21.58,1,0,0.7962,extreme_but_valid,train,1,20260805,1.0.0
H07-2024-W19,H07,medium_regional,south,123,2024,19,2024-05-06,771,145,72,136,236,9,0,1369,70,213,286,645,155,9.14,21.82,0,0,0.8385,extreme_but_valid,train,1,20260805,1.0.0
H07-2024-W20,H07,medium_regional,south,124,2024,20,2024-05-13,784,145,82,138,277,12,3,1441,82,229,303,666,161,8.23,22.96,0,0,0.937,extreme_but_valid,train,1,20260805,1.0.0
H07-2024-W21,H07,medium_regional,south,125,2024,21,2024-05-20,766,164,84,152,260,13,5,1444,89,220,299,683,153,7.73,28.38,0,0,0.8045,extreme_but_valid,train,1,20260805,1.0.0
H07-2024-W22,H07,medium_regional,south,126,2024,22,2024-05-27,745,146,76,130,233,13,5,1348,107,206,273,628,134,5.72,27.07,0,0,0.8936,extreme_but_valid,train,1,20260805,1.0.0
H07-2024-W23,H07,medium_regional,south,127,2024,23,2024-06-03,816,144,78,136,236,9,1,1420,103,197,264,687,169,5.8,30.32,0,0,0.7831,extreme_but_valid,train,1,20260805,1.0.0
H07-2024-W24,H07,medium_regional,south,128,2024,24,2024-06-10,769,121,77,133,212,13,2,1327,105,191,255,618,158,5.4,34.99,0,0,0.7643,complete,train,1,20260805,1.0.0
H07-2024-W25,H07,medium_regional,south,129,2024,25,2024-06-17,664,100,65,120,190,7,3,1149,67,162,211,576,133,4.61,32.92,0,0,0.7152,complete,train,1,20260805,1.0.0
H07-2024-W26,H07,medium_regional,south,130,2024,26,2024-06-24,641,98,63,95,201,6,4,1108,56,157,203,568,124,5.03,30.64,0,0,0.514,complete,train,1,20260805,1.0.0
H07-2024-W27,H07,medium_regional,south,131,2024,27,2024-07-01,610,95,67,88,194,6,4,1064,75,153,234,491,111,5.23,33.86,0,1,0.5038,complete,train,1,20260805,1.0.0
H07-2024-W28,H07,medium_regional,south,132,2024,28,2024-07-08,554,80,43,97,168,6,3,951,70,128,202,463,88,4.16,32.94,0,1,0.4832,complete,train,1,20260805,1.0.0
H07-2024-W29,H07,medium_regional,south,133,2024,29,2024-07-15,515,53,46,76,177,3,1,871,47,128,181,403,112,3.93,37.27,0,1,0.4018,complete,train,1,20260805,1.0.0
H07-2024-W30,H07,medium_regional,south,134,2024,30,2024-07-22,438,49,47,68,138,5,0,745,40,103,147,373,82,5.02,33.2,0,1,0.3857,complete,train,1,20260805,1.0.0
H07-2024-W31,H07,medium_regional,south,135,2024,31,2024-07-29,440,47,43,82,157,7,3,779,41,95,156,389,98,4.1,32.84,0,0,0.4168,complete,train,1,20260805,1.0.0
H07-2024-W32,H07,medium_regional,south,136,2024,32,2024-08-05,401,37,31,49,160,5,0,683,40,96,121,352,74,5.13,31.35,0,0,0.2537,complete,train,1,20260805,1.0.0
H07-2024-W33,H07,medium_regional,south,137,2024,33,2024-08-12,377,25,31,63,150,11,10,667,35,90,97,356,89,6.17,30.18,0,0,0.2969,complete,train,1,20260805,1.0.0
H07-2024-W34,H07,medium_regional,south,138,2024,34,2024-08-19,377,16,31,50,127,9,3,613,31,88,124,307,63,5.04,36.25,0,0,0.2824,complete,train,1,20260805,1.0.0
H07-2024-W35,H07,medium_regional,south,139,2024,35,2024-08-26,370,26,28,53,137,6,3,623,42,83,115,296,87,7.01,32.51,0,0,0.1592,complete,train,1,20260805,1.0.0
H07-2024-W36,H07,medium_regional,south,140,2024,36,2024-09-02,405,18,28,48,140,5,1,645,43,88,128,304,82,5.97,26.38,0,0,0.2586,complete,train,1,20260805,1.0.0
H07-2024-W37,H07,medium_regional,south,141,2024,37,2024-09-09,473,12,33,57,146,9,3,733,29,107,130,384,83,8.24,26.04,0,0,0.1527,complete,train,1,20260805,1.0.0
H07-2024-W38,H07,medium_regional,south,142,2024,38,2024-09-16,462,13,40,42,130,5,3,695,42,97,121,372,63,7.0,27.31,1,0,0.2119,complete,train,1,20260805,1.0.0
H07-2024-W39,H07,medium_regional,south,143,2024,39,2024-09-23,450,13,37,42,139,11,2,694,29,95,136,346,88,9.42,22.53,1,0,0.2304,complete,train,1,20260805,1.0.0
H07-2024-W40,H07,medium_regional,south,144,2024,40,2024-09-30,402,9,25,48,136,2,2,624,32,94,108,316,74,8.9,20.5,0,0,0.186,complete,train,1,20260805,1.0.0
H07-2024-W41,H07,medium_regional,south,145,2024,41,2024-10-07,343,7,32,49,131,12,9,583,31,69,122,291,70,11.17,20.35,0,0,0.1668,complete,train,1,20260805,1.0.0
H07-2024-W42,H07,medium_regional,south,146,2024,42,2024-10-14,323,12,35,43,121,7,1,542,27,76,113,255,71,9.67,15.64,0,0,0.2025,complete,train,1,20260805,1.0.0
H07-2024-W43,H07,medium_regional,south,147,2024,43,2024-10-21,341,9,26,50,126,8,1,561,28,77,105,290,61,11.06,15.52,0,0,0.108,complete,train,1,20260805,1.0.0
H07-2024-W44,H07,medium_regional,south,148,2024,44,2024-10-28,309,11,23,53,128,7,2,533,32,71,98,265,67,12.8,13.07,0,0,0.2476,complete,train,1,20260805,1.0.0
H07-2024-W45,H07,medium_regional,south,149,2024,45,2024-11-04,391,11,35,43,116,5,1,602,38,72,113,305,74,12.25,12.48,0,0,0.0791,complete,train,1,20260805,1.0.0
H07-2024-W46,H07,medium_regional,south,150,2024,46,2024-11-11,376,14,36,44,129,5,2,606,45,69,127,302,63,12.89,12.95,0,0,0.123,complete,train,1,20260805,1.0.0
H07-2024-W47,H07,medium_regional,south,151,2024,47,2024-11-18,417,10,23,50,123,9,2,634,37,99,110,299,89,13.07,11.8,0,0,0.1117,complete,train,1,20260805,1.0.0
H07-2024-W48,H07,medium_regional,south,152,2024,48,2024-11-25,373,15,22,35,110,7,3,565,29,75,105,295,61,14.85,6.39,0,0,0.1223,complete,train,1,20260805,1.0.0
H07-2024-W49,H07,medium_regional,south,153,2024,49,2024-12-02,318,12,18,34,106,7,3,498,21,74,92,255,56,15.09,4.2,0,0,0.117,complete,train,1,20260805,1.0.0
H07-2024-W50,H07,medium_regional,south,154,2024,50,2024-12-09,313,12,27,45,109,8,5,519,23,63,108,277,48,14.68,3.74,0,0,0.0671,complete,train,1,20260805,1.0.0
H07-2024-W51,H07,medium_regional,south,155,2024,51,2024-12-16,238,5,31,29,101,11,5,420,29,45,75,206,65,16.36,2.65,0,0,0.0,complete,train,1,20260805,1.0.0
H07-2024-W52,H07,medium_regional,south,156,2024,52,2024-12-23,336,8,12,37,101,8,3,505,34,70,85,255,61,15.1,2.25,1,0,0.0077,complete,train,1,20260805,1.0.0
H07-2025-W01,H07,medium_regional,south,157,2025,1,2024-12-30,335,14,15,28,88,17,2,499,18,77,91,262,51,17.03,3.21,1,0,0.0,complete,test,1,20260805,1.0.0
H07-2025-W02,H07,medium_regional,south,158,2025,2,2025-01-06,287,17,22,33,99,12,5,475,20,68,86,248,53,15.76,0.91,0,0,0.0072,complete,test,1,20260805,1.0.0
H07-2025-W03,H07,medium_regional,south,159,2025,3,2025-01-13,296,17,22,25,90,8,4,462,22,61,89,243,47,15.63,1.58,0,0,0.081,complete,test,1,20260805,1.0.0
H07-2025-W04,H07,medium_regional,south,160,2025,4,2025-01-20,290,20,24,30,111,10,3,488,26,67,90,239,66,17.23,0.55,0,0,0.0696,complete,test,1,20260805,1.0.0
H07-2025-W05,H07,medium_regional,south,161,2025,5,2025-01-27,290,20,26,32,74,12,7,461,20,58,82,237,64,16.15,3.71,0,0,0.0,complete,test,1,20260805,1.0.0
H07-2025-W06,H07,medium_regional,south,162,2025,6,2025-02-03,337,21,26,36,98,13,4,535,32,60,111,275,57,16.2,2.07,0,0,0.0901,complete,test,1,20260805,1.0.0
H07-2025-W07,H07,medium_regional,south,163,2025,7,2025-02-10,245,25,23,46,110,10,5,464,26,55,91,236,56,16.71,3.48,0,0,0.145,complete,test,1,20260805,1.0.0
H07-2025-W08,H07,medium_regional,south,164,2025,8,2025-02-17,307,36,33,54,124,25,8,587,43,87,132,266,59,15.47,3.52,0,0,0.1543,complete,test,1,20260805,1.0.0
H07-2025-W09,H07,medium_regional,south,165,2025,9,2025-02-24,326,51,38,58,135,9,3,620,28,93,136,299,64,14.59,4.82,0,0,0.2362,complete,test,1,20260805,1.0.0
H07-2025-W10,H07,medium_regional,south,166,2025,10,2025-03-03,399,61,43,60,135,13,5,716,38,98,133,381,66,14.7,6.53,0,0,0.2749,complete,test,1,20260805,1.0.0
H07-2025-W11,H07,medium_regional,south,167,2025,11,2025-03-10,344,53,39,63,158,9,1,667,37,92,150,322,66,16.24,6.75,0,0,0.2725,complete,test,1,20260805,1.0.0
H07-2025-W12,H07,medium_regional,south,168,2025,12,2025-03-17,465,83,56,80,123,13,3,823,49,109,159,392,114,13.26,8.74,0,0,0.3746,complete,test,1,20260805,1.0.0
H07-2025-W13,H07,medium_regional,south,169,2025,13,2025-03-24,559,90,70,101,211,9,5,1045,68,131,213,501,132,12.39,12.8,0,0,0.481,complete,test,1,20260805,1.0.0
H07-2025-W14,H07,medium_regional,south,170,2025,14,2025-03-31,612,120,56,106,190,10,1,1095,72,170,220,510,123,11.79,13.41,0,0,0.5455,complete,test,1,20260805,1.0.0
H07-2025-W15,H07,medium_regional,south,171,2025,15,2025-04-07,738,121,83,112,189,10,4,1257,67,201,270,551,168,10.41,16.57,1,0,0.561,complete,test,1,20260805,1.0.0
H07-2025-W16,H07,medium_regional,south,172,2025,16,2025-04-14,722,133,78,126,220,7,3,1289,81,208,231,608,161,9.89,15.54,0,0,0.7571,complete,test,1,20260805,1.0.0
H07-2025-W17,H07,medium_regional,south,173,2025,17,2025-04-21,743,155,85,126,231,7,1,1348,89,210,292,616,141,9.53,20.27,0,0,0.7512,complete,test,1,20260805,1.0.0
H07-2025-W18,H07,medium_regional,south,174,2025,18,2025-04-28,767,157,88,126,242,3,2,1385,83,211,257,663,171,9.44,21.65,1,0,0.7574,complete,test,1,20260805,1.0.0
H07-2025-W19,H07,medium_regional,south,175,2025,19,2025-05-05,705,141,75,158,264,6,2,1351,85,205,291,628,142,7.54,25.81,0,0,0.8181,extreme_but_valid,test,1,20260805,1.0.0
H07-2025-W20,H07,medium_regional,south,176,2025,20,2025-05-12,686,164,93,146,240,6,3,1338,89,219,261,637,132,7.59,24.27,0,0,0.7294,complete,test,1,20260805,1.0.0
H07-2025-W21,H07,medium_regional,south,177,2025,21,2025-05-19,688,131,84,147,244,7,2,1303,85,223,246,606,143,6.04,26.47,0,0,0.8974,extreme_but_valid,test,1,20260805,1.0.0
H07-2025-W22,H07,medium_regional,south,178,2025,22,2025-05-26,720,135,86,138,266,9,3,1357,93,218,262,631,153,5.86,29.53,0,0,0.7672,complete,test,1,20260805,1.0.0
H07-2025-W23,H07,medium_regional,south,179,2025,23,2025-06-02,722,137,81,121,226,7,5,1299,72,203,269,622,133,5.91,28.58,0,0,0.8032,extreme_but_valid,test,1,20260805,1.0.0
H07-2025-W24,H07,medium_regional,south,180,2025,24,2025-06-09,763,129,77,110,220,6,1,1306,76,198,278,626,128,5.48,28.44,0,0,0.5542,complete,test,1,20260805,1.0.0
H07-2025-W25,H07,medium_regional,south,181,2025,25,2025-06-16,702,119,61,116,248,5,0,1251,81,183,221,615,151,5.6,29.54,0,0,0.639,complete,test,1,20260805,1.0.0
H07-2025-W26,H07,medium_regional,south,182,2025,26,2025-06-23,578,100,67,109,209,5,1,1069,64,178,214,504,109,5.25,31.64,0,0,0.6488,complete,test,1,20260805,1.0.0
H07-2025-W27,H07,medium_regional,south,183,2025,27,2025-06-30,595,96,61,97,203,6,0,1058,79,143,205,512,119,5.31,30.98,0,1,0.6172,complete,test,1,20260805,1.0.0
H07-2025-W28,H07,medium_regional,south,184,2025,28,2025-07-07,486,58,61,80,192,10,5,892,50,142,181,419,100,4.42,33.79,0,1,0.4438,complete,test,1,20260805,1.0.0
H07-2025-W29,H07,medium_regional,south,185,2025,29,2025-07-14,492,67,46,90,156,8,4,863,46,132,173,403,109,4.5,33.77,0,1,0.4056,complete,test,1,20260805,1.0.0
H07-2025-W30,H07,medium_regional,south,186,2025,30,2025-07-21,398,61,44,65,160,3,3,734,39,114,145,351,85,6.93,33.16,0,1,0.4068,complete,test,1,20260805,1.0.0
H07-2025-W31,H07,medium_regional,south,187,2025,31,2025-07-28,380,39,46,66,156,3,3,693,32,107,137,333,84,5.29,31.71,0,0,0.2566,complete,test,1,20260805,1.0.0
H07-2025-W32,H07,medium_regional,south,188,2025,32,2025-08-04,330,35,43,50,151,1,2,612,38,86,117,303,68,5.13,30.81,0,0,0.3202,complete,test,1,20260805,1.0.0
H07-2025-W33,H07,medium_regional,south,189,2025,33,2025-08-11,344,29,36,48,134,5,5,601,36,79,115,295,76,6.17,34.31,0,0,0.2801,complete,test,1,20260805,1.0.0
H07-2025-W34,H07,medium_regional,south,190,2025,34,2025-08-18,386,24,36,48,153,3,1,651,39,89,118,323,82,4.38,28.57,0,0,0.2423,complete,test,1,20260805,1.0.0
H07-2025-W35,H07,medium_regional,south,191,2025,35,2025-08-25,410,22,27,56,143,7,1,666,42,83,119,338,84,6.09,28.06,0,0,0.1988,complete,test,1,20260805,1.0.0
H07-2025-W36,H07,medium_regional,south,192,2025,36,2025-09-01,425,26,35,46,137,6,1,676,43,83,146,313,91,6.22,26.4,0,0,0.2979,complete,test,1,20260805,1.0.0
H08-2022-W01,H08,high_volume_urban,south,1,2022,1,2022-01-03,395,12,18,54,104,85,23,691,31,108,132,333,87,17.1,0.67,1,0,0.0435,complete,train,1,20260805,1.0.0
H08-2022-W02,H08,high_volume_urban,south,2,2022,2,2022-01-10,330,17,21,33,108,72,27,608,31,80,108,324,65,14.27,2.92,0,0,0.0,complete,train,1,20260805,1.0.0
H08-2022-W03,H08,high_volume_urban,south,3,2022,3,2022-01-17,319,18,34,44,105,69,23,612,35,95,139,277,66,17.1,0.99,0,0,0.1148,complete,train,1,20260805,1.0.0
H08-2022-W04,H08,high_volume_urban,south,4,2022,4,2022-01-24,372,14,33,45,136,74,20,694,32,91,139,347,85,16.32,1.91,0,0,0.1003,complete,train,1,20260805,1.0.0
H08-2022-W05,H08,high_volume_urban,south,5,2022,5,2022-01-31,396,15,32,51,122,89,36,741,47,102,153,355,84,16.58,6.12,0,0,0.0283,complete,train,1,20260805,1.0.0
H08-2022-W06,H08,high_volume_urban,south,6,2022,6,2022-02-07,414,22,33,48,142,79,31,769,51,112,136,382,88,15.49,1.98,0,0,0.0137,complete,train,1,20260805,1.0.0
H08-2022-W07,H08,high_volume_urban,south,7,2022,7,2022-02-14,414,23,39,58,145,85,31,795,49,108,146,400,92,16.5,2.76,0,0,0.0633,complete,train,1,20260805,1.0.0
H08-2022-W08,H08,high_volume_urban,south,8,2022,8,2022-02-21,431,40,39,59,132,103,34,838,65,101,169,415,88,14.95,2.78,0,0,0.1562,complete,train,1,20260805,1.0.0
H08-2022-W09,H08,high_volume_urban,south,9,2022,9,2022-02-28,417,43,35,83,171,118,35,902,63,123,146,467,103,13.64,14.6,0,0,0.1444,complete,train,1,20260805,1.0.0
H08-2022-W10,H08,high_volume_urban,south,10,2022,10,2022-03-07,423,52,35,85,167,103,37,902,56,122,174,442,108,14.23,6.39,0,0,0.2878,complete,train,1,20260805,1.0.0
H08-2022-W11,H08,high_volume_urban,south,11,2022,11,2022-03-14,562,71,53,92,189,109,40,1116,73,162,234,520,127,13.48,10.18,0,0,0.3584,complete,train,1,20260805,1.0.0
H08-2022-W12,H08,high_volume_urban,south,12,2022,12,2022-03-21,581,65,46,88,200,64,25,1069,57,128,217,526,141,11.59,10.25,0,0,0.4691,complete,train,1,20260805,1.0.0
H08-2022-W13,H08,high_volume_urban,south,13,2022,13,2022-03-28,633,90,73,102,221,83,20,1222,74,192,240,592,124,11.81,11.2,0,0,0.5212,complete,train,1,20260805,1.0.0
H08-2022-W14,H08,high_volume_urban,south,14,2022,14,2022-04-04,661,107,67,119,285,88,34,1361,79,211,281,630,160,12.25,19.78,0,0,0.5105,complete,train,1,20260805,1.0.0
H08-2022-W15,H08,high_volume_urban,south,15,2022,15,2022-04-11,807,126,97,120,267,82,28,1527,87,220,315,724,181,11.72,14.53,1,0,0.5802,complete,train,1,20260805,1.0.0
H08-2022-W16,H08,high_volume_urban,south,16,2022,16,2022-04-18,805,113,96,159,243,65,24,1505,99,232,296,721,157,10.35,21.03,0,0,0.7066,complete,train,1,20260805,1.0.0
H08-2022-W17,H08,high_volume_urban,south,17,2022,17,2022-04-25,880,127,79,129,265,63,20,1563,105,227,326,733,172,10.33,20.54,0,0,0.804,extreme_but_valid,train,1,20260805,1.0.0
H08-2022-W18,H08,high_volume_urban,south,18,2022,18,2022-05-02,1023,139,112,167,310,51,22,1824,97,288,377,866,196,9.23,21.07,1,0,0.7667,complete,train,1,20260805,1.0.0
H08-2022-W19,H08,high_volume_urban,south,19,2022,19,2022-05-09,1056,149,91,151,307,57,25,1836,125,273,387,832,219,7.47,23.77,0,0,0.849,extreme_but_valid,train,1,20260805,1.0.0
H08-2022-W20,H08,high_volume_urban,south,20,2022,20,2022-05-16,1073,133,115,158,312,58,27,1876,131,292,406,831,216,7.42,34.04,0,0,0.8985,extreme_but_valid,train,1,20260805,1.0.0
H08-2022-W21,H08,high_volume_urban,south,21,2022,21,2022-05-23,1063,159,93,170,308,50,13,1856,124,294,383,854,201,6.38,29.34,0,0,0.8538,extreme_but_valid,train,1,20260805,1.0.0
H08-2022-W22,H08,high_volume_urban,south,22,2022,22,2022-05-30,964,150,105,188,283,36,12,1738,110,298,365,798,167,6.12,26.45,0,0,0.8302,extreme_but_valid,train,1,20260805,1.0.0
H08-2022-W23,H08,high_volume_urban,south,23,2022,23,2022-06-06,837,131,114,144,285,44,10,1565,99,231,316,750,169,5.72,31.21,0,0,0.7859,extreme_but_valid,train,1,20260805,1.0.0
H08-2022-W24,H08,high_volume_urban,south,24,2022,24,2022-06-13,822,114,84,149,291,36,9,1505,89,223,278,734,181,5.95,29.12,0,0,0.6626,complete,train,1,20260805,1.0.0
H08-2022-W25,H08,high_volume_urban,south,25,2022,25,2022-06-20,743,107,82,140,285,42,18,1417,85,208,279,683,162,6.12,34.99,0,0,0.7085,complete,train,1,20260805,1.0.0
H08-2022-W26,H08,high_volume_urban,south,26,2022,26,2022-06-27,730,104,75,127,248,51,25,1360,88,202,263,646,161,5.24,34.75,0,0,0.5401,complete,train,1,20260805,1.0.0
H08-2022-W27,H08,high_volume_urban,south,27,2022,27,2022-07-04,659,96,59,109,210,50,24,1207,84,168,241,565,149,3.11,34.35,0,1,0.4882,complete,train,1,20260805,1.0.0
H08-2022-W28,H08,high_volume_urban,south,28,2022,28,2022-07-11,575,74,48,127,214,33,9,1080,66,156,197,528,133,4.34,33.8,0,1,0.3947,complete,train,1,20260805,1.0.0
H08-2022-W29,H08,high_volume_urban,south,29,2022,29,2022-07-18,538,58,59,99,183,48,16,1001,63,142,208,472,116,5.42,31.68,0,1,0.396,complete,train,1,20260805,1.0.0
H08-2022-W30,H08,high_volume_urban,south,30,2022,30,2022-07-25,520,63,52,97,188,31,6,957,71,142,192,435,117,3.78,34.3,0,1,0.3448,complete,train,1,20260805,1.0.0
H08-2022-W31,H08,high_volume_urban,south,31,2022,31,2022-08-01,516,40,44,70,181,34,16,901,57,139,181,420,104,4.96,32.48,0,0,0.2827,complete,train,1,20260805,1.0.0
H08-2022-W32,H08,high_volume_urban,south,32,2022,32,2022-08-08,539,39,42,79,184,28,7,918,47,112,193,467,99,4.64,36.17,0,0,0.2673,complete,train,1,20260805,1.0.0
H08-2022-W33,H08,high_volume_urban,south,33,2022,33,2022-08-15,463,21,41,65,163,36,10,799,57,96,161,373,112,5.68,30.55,0,0,0.3371,complete,train,1,20260805,1.0.0
H08-2022-W34,H08,high_volume_urban,south,34,2022,34,2022-08-22,524,29,36,79,168,36,13,885,63,118,170,411,123,4.66,28.92,0,0,0.2413,complete,train,1,20260805,1.0.0
H08-2022-W35,H08,high_volume_urban,south,35,2022,35,2022-08-29,543,24,26,81,172,34,12,892,37,127,167,445,116,6.31,28.27,0,0,0.2865,complete,train,1,20260805,1.0.0
H08-2022-W36,H08,high_volume_urban,south,36,2022,36,2022-09-05,524,23,40,61,133,21,6,808,40,112,151,410,95,6.12,26.4,0,0,0.2096,complete,train,1,20260805,1.0.0
H08-2022-W37,H08,high_volume_urban,south,37,2022,37,2022-09-12,478,10,29,60,159,30,8,774,47,100,171,365,91,7.36,26.02,0,0,0.2548,complete,train,1,20260805,1.0.0
H08-2022-W38,H08,high_volume_urban,south,38,2022,38,2022-09-19,497,6,27,69,154,43,15,811,55,105,148,400,103,7.39,26.04,1,0,0.2954,complete,train,1,20260805,1.0.0
H08-2022-W39,H08,high_volume_urban,south,39,2022,39,2022-09-26,490,13,46,60,160,31,9,809,40,112,151,400,106,9.58,28.14,1,0,0.2611,complete,train,1,20260805,1.0.0
H08-2022-W40,H08,high_volume_urban,south,40,2022,40,2022-10-03,464,9,38,64,168,47,17,807,45,95,163,411,93,9.97,20.48,0,0,0.2013,complete,train,1,20260805,1.0.0
H08-2022-W41,H08,high_volume_urban,south,41,2022,41,2022-10-10,547,10,28,56,144,30,12,827,38,119,155,419,96,8.98,19.29,0,0,0.2369,complete,train,1,20260805,1.0.0
H08-2022-W42,H08,high_volume_urban,south,42,2022,42,2022-10-17,494,8,40,66,162,20,9,799,47,114,136,396,106,10.0,17.63,0,0,0.2409,complete,train,1,20260805,1.0.0
H08-2022-W43,H08,high_volume_urban,south,43,2022,43,2022-10-24,468,10,31,64,140,42,19,774,47,111,152,381,83,12.3,15.87,0,0,0.2246,complete,train,1,20260805,1.0.0
H08-2022-W44,H08,high_volume_urban,south,44,2022,44,2022-10-31,461,13,30,54,154,41,13,766,39,101,133,399,94,11.69,14.1,0,0,0.1224,complete,train,1,20260805,1.0.0
H08-2022-W45,H08,high_volume_urban,south,45,2022,45,2022-11-07,452,10,34,51,148,40,13,748,36,103,150,377,82,12.76,13.41,0,0,0.1372,complete,train,1,20260805,1.0.0
H08-2022-W46,H08,high_volume_urban,south,46,2022,46,2022-11-14,515,13,22,46,119,33,8,756,46,91,160,376,83,12.94,11.98,0,0,0.0909,complete,train,1,20260805,1.0.0
H08-2022-W47,H08,high_volume_urban,south,47,2022,47,2022-11-21,527,6,25,35,132,38,11,774,35,95,141,408,95,15.25,9.07,0,0,0.1498,complete,train,1,20260805,1.0.0
H08-2022-W48,H08,high_volume_urban,south,48,2022,48,2022-11-28,452,8,25,48,119,28,10,690,38,92,139,343,78,13.45,6.67,0,0,0.1176,complete,train,1,20260805,1.0.0
H08-2022-W49,H08,high_volume_urban,south,49,2022,49,2022-12-05,430,14,35,43,121,26,13,682,45,82,115,354,86,15.19,9.84,0,0,0.0,complete,train,1,20260805,1.0.0
H08-2022-W50,H08,high_volume_urban,south,50,2022,50,2022-12-12,410,15,29,49,142,41,16,702,30,98,124,367,83,13.68,3.67,0,0,0.1519,complete,train,1,20260805,1.0.0
H08-2022-W51,H08,high_volume_urban,south,51,2022,51,2022-12-19,366,7,26,44,118,33,6,600,37,94,121,291,57,15.2,8.07,0,0,0.0366,complete,train,1,20260805,1.0.0
H08-2022-W52,H08,high_volume_urban,south,52,2022,52,2022-12-26,391,10,29,45,130,34,14,653,38,87,129,319,80,16.26,4.91,1,0,0.0096,complete,train,1,20260805,1.0.0
H08-2023-W01,H08,high_volume_urban,south,53,2023,1,2023-01-02,357,10,19,33,110,35,19,583,40,68,106,306,63,14.79,4.26,1,0,0.0401,complete,train,1,20260805,1.0.0
H08-2023-W02,H08,high_volume_urban,south,54,2023,2,2023-01-09,336,18,24,45,116,47,14,600,30,76,99,313,82,16.22,0.75,0,0,0.0,complete,train,1,20260805,1.0.0
H08-2023-W03,H08,high_volume_urban,south,55,2023,3,2023-01-16,340,15,26,58,113,39,17,608,42,79,121,303,63,16.31,2.43,0,0,0.0,complete,train,1,20260805,1.0.0
H08-2023-W04,H08,high_volume_urban,south,56,2023,4,2023-01-23,253,23,25,35,138,44,13,531,25,80,86,269,71,16.43,1.17,0,0,0.0,complete,train,1,20260805,1.0.0
H08-2023-W05,H08,high_volume_urban,south,57,2023,5,2023-01-30,215,23,31,46,112,60,16,503,29,78,95,233,68,15.8,6.36,0,0,0.0948,complete,train,1,20260805,1.0.0
H08-2023-W06,H08,high_volume_urban,south,58,2023,6,2023-02-06,329,34,29,48,128,58,17,643,35,91,127,305,85,16.8,2.98,0,0,0.1996,complete,train,1,20260805,1.0.0
H08-2023-W07,H08,high_volume_urban,south,59,2023,7,2023-02-13,352,27,39,52,122,48,18,658,33,91,120,315,99,14.76,9.29,0,0,0.1592,complete,train,1,20260805,1.0.0
H08-2023-W08,H08,high_volume_urban,south,60,2023,8,2023-02-20,452,35,35,62,122,49,17,772,52,109,152,368,91,13.37,3.67,0,0,0.1207,complete,train,1,20260805,1.0.0
H08-2023-W09,H08,high_volume_urban,south,61,2023,9,2023-02-27,463,53,40,81,165,50,12,864,35,114,172,441,102,14.64,8.2,0,0,0.1876,complete,train,1,20260805,1.0.0
H08-2023-W10,H08,high_volume_urban,south,62,2023,10,2023-03-06,452,45,56,86,162,54,16,871,53,134,180,410,94,14.41,5.6,0,0,0.333,complete,train,1,20260805,1.0.0
H08-2023-W11,H08,high_volume_urban,south,63,2023,11,2023-03-13,443,64,52,75,159,59,20,872,56,120,155,447,94,14.15,8.45,0,0,0.3027,complete,train,1,20260805,1.0.0
H08-2023-W12,H08,high_volume_urban,south,64,2023,12,2023-03-20,586,75,57,118,195,38,12,1081,74,175,186,520,126,12.48,9.29,0,0,0.3711,complete,train,1,20260805,1.0.0
H08-2023-W13,H08,high_volume_urban,south,65,2023,13,2023-03-27,692,107,78,127,208,59,19,1290,77,202,242,611,158,11.2,12.39,0,0,0.4609,complete,train,1,20260805,1.0.0
H08-2023-W14,H08,high_volume_urban,south,66,2023,14,2023-04-03,758,106,79,131,240,51,14,1379,97,197,309,649,127,12.34,12.06,0,0,0.6578,complete,train,1,20260805,1.0.0
H08-2023-W15,H08,high_volume_urban,south,67,2023,15,2023-04-10,884,116,67,128,239,44,20,1498,92,238,299,719,150,11.18,19.84,1,0,0.658,complete,train,1,20260805,1.0.0
H08-2023-W16,H08,high_volume_urban,south,68,2023,16,2023-04-17,888,146,78,162,264,38,10,1586,97,238,321,768,162,9.29,17.76,0,0,0.6821,complete,train,1,20260805,1.0.0
H08-2023-W17,H08,high_volume_urban,south,69,2023,17,2023-04-24,870,144,92,162,307,38,11,1624,99,282,310,763,170,10.76,17.97,0,0,0.7749,complete,train,1,20260805,1.0.0
H08-2023-W18,H08,high_volume_urban,south,70,2023,18,2023-05-01,901,161,80,178,273,41,9,1643,105,236,346,769,187,9.35,19.72,1,0,0.8594,extreme_but_valid,train,1,20260805,1.0.0
H08-2023-W19,H08,high_volume_urban,south,71,2023,19,2023-05-08,899,152,99,172,287,30,9,1648,97,262,346,777,166,7.94,21.22,0,0,0.8485,extreme_but_valid,train,1,20260805,1.0.0
H08-2023-W20,H08,high_volume_urban,south,72,2023,20,2023-05-15,879,181,80,145,303,25,8,1621,108,265,318,725,205,6.3,22.88,0,0,0.9442,extreme_but_valid,train,1,20260805,1.0.0
H08-2023-W21,H08,high_volume_urban,south,73,2023,21,2023-05-22,873,147,119,174,268,23,8,1612,109,257,324,741,181,6.9,27.66,0,0,0.8089,extreme_but_valid,train,1,20260805,1.0.0
H08-2023-W22,H08,high_volume_urban,south,74,2023,22,2023-05-29,921,153,115,149,295,17,7,1657,99,261,338,782,177,7.12,27.72,0,0,0.8688,extreme_but_valid,train,1,20260805,1.0.0
H08-2023-W23,H08,high_volume_urban,south,75,2023,23,2023-06-05,926,142,105,147,251,16,6,1593,106,232,351,724,180,5.14,31.29,0,0,0.8261,extreme_but_valid,train,1,20260805,1.0.0
H08-2023-W24,H08,high_volume_urban,south,76,2023,24,2023-06-12,864,111,105,150,288,21,7,1546,96,228,289,777,156,5.41,31.16,0,0,0.7055,complete,train,1,20260805,1.0.0
H08-2023-W25,H08,high_volume_urban,south,77,2023,25,2023-06-19,861,119,94,141,246,21,8,1490,90,206,301,711,182,4.56,29.91,0,0,0.6762,complete,train,1,20260805,1.0.0
H08-2023-W26,H08,high_volume_urban,south,78,2023,26,2023-06-26,776,101,69,125,282,23,5,1381,88,201,273,659,160,4.92,34.38,0,0,0.6325,complete,train,1,20260805,1.0.0
H08-2023-W27,H08,high_volume_urban,south,79,2023,27,2023-07-03,678,93,65,114,220,21,8,1199,60,175,240,595,129,4.31,37.39,0,1,0.4093,complete,train,1,20260805,1.0.0
H08-2023-W28,H08,high_volume_urban,south,80,2023,28,2023-07-10,734,85,55,109,200,21,8,1212,83,166,211,611,141,5.39,33.15,0,1,0.411,complete,train,1,20260805,1.0.0
H08-2023-W29,H08,high_volume_urban,south,81,2023,29,2023-07-17,664,69,70,123,196,13,4,1139,76,155,201,570,137,3.5,31.55,0,1,0.3918,complete,train,1,20260805,1.0.0
H08-2023-W30,H08,high_volume_urban,south,82,2023,30,2023-07-24,560,53,53,79,169,17,7,938,56,149,165,447,121,4.77,32.3,0,1,0.3625,complete,train,1,20260805,1.0.0
H08-2023-W31,H08,high_volume_urban,south,83,2023,31,2023-07-31,451,44,51,76,191,24,10,847,51,126,160,405,105,6.53,31.63,0,0,0.3212,complete,train,1,20260805,1.0.0
H08-2023-W32,H08,high_volume_urban,south,84,2023,32,2023-08-07,421,27,48,61,175,18,9,759,34,112,144,365,104,4.66,30.36,0,0,0.2609,complete,train,1,20260805,1.0.0
H08-2023-W33,H08,high_volume_urban,south,85,2023,33,2023-08-14,441,40,43,84,168,14,5,795,51,118,136,393,97,5.56,30.41,0,0,0.2716,complete,train,1,20260805,1.0.0
H08-2023-W34,H08,high_volume_urban,south,86,2023,34,2023-08-21,405,30,47,67,166,25,6,746,36,120,134,361,95,5.86,29.73,0,0,0.2681,complete,train,1,20260805,1.0.0
H08-2023-W35,H08,high_volume_urban,south,87,2023,35,2023-08-28,526,22,33,62,157,16,5,821,35,117,169,395,105,6.26,28.93,0,0,0.2683,complete,train,1,20260805,1.0.0
H08-2023-W36,H08,high_volume_urban,south,88,2023,36,2023-09-04,484,20,38,70,154,27,7,800,47,117,159,380,97,6.79,26.86,0,0,0.2579,complete,train,1,20260805,1.0.0
H08-2023-W37,H08,high_volume_urban,south,89,2023,37,2023-09-11,499,19,38,59,169,19,7,810,49,116,151,416,78,6.22,26.03,0,0,0.163,complete,train,1,20260805,1.0.0
H08-2023-W38,H08,high_volume_urban,south,90,2023,38,2023-09-18,453,12,41,47,170,9,4,736,46,96,142,357,95,8.19,24.59,1,0,0.1315,complete,train,1,20260805,1.0.0
H08-2023-W39,H08,high_volume_urban,south,91,2023,39,2023-09-25,535,11,27,84,170,21,8,856,44,115,180,419,98,9.27,22.01,1,0,0.2101,complete,train,1,20260805,1.0.0
H08-2023-W40,H08,high_volume_urban,south,92,2023,40,2023-10-02,396,11,31,57,163,13,5,676,36,87,136,338,79,9.94,21.77,0,0,0.2161,complete,train,1,20260805,1.0.0
H08-2023-W41,H08,high_volume_urban,south,93,2023,41,2023-10-09,355,14,29,55,155,28,10,646,30,84,117,343,72,10.06,19.08,0,0,0.1292,complete,train,1,20260805,1.0.0
H08-2023-W42,H08,high_volume_urban,south,94,2023,42,2023-10-16,410,12,26,69,144,26,8,695,38,83,129,363,82,9.58,19.44,0,0,0.2157,complete,train,1,20260805,1.0.0
H08-2023-W43,H08,high_volume_urban,south,95,2023,43,2023-10-23,347,11,30,61,154,17,10,630,50,75,135,290,80,10.86,18.49,0,0,0.249,complete,train,1,20260805,1.0.0
H08-2023-W44,H08,high_volume_urban,south,96,2023,44,2023-10-30,383,12,31,60,141,11,5,643,37,80,123,327,76,11.63,12.67,0,0,0.1729,complete,train,1,20260805,1.0.0
H08-2023-W45,H08,high_volume_urban,south,97,2023,45,2023-11-06,427,14,25,56,148,20,5,695,39,98,120,343,95,12.04,10.11,0,0,0.1449,complete,train,1,20260805,1.0.0
H08-2023-W46,H08,high_volume_urban,south,98,2023,46,2023-11-13,358,10,40,53,135,22,8,626,32,100,112,326,56,13.74,8.57,0,0,0.1887,complete,train,1,20260805,1.0.0
H08-2023-W47,H08,high_volume_urban,south,99,2023,47,2023-11-20,348,8,35,60,138,22,10,621,29,98,104,307,83,14.9,9.17,0,0,0.0274,complete,train,1,20260805,1.0.0
H08-2023-W48,H08,high_volume_urban,south,100,2023,48,2023-11-27,386,19,33,38,126,17,1,620,29,88,124,292,87,14.64,8.15,0,0,0.0699,complete,train,1,20260805,1.0.0
H08-2023-W49,H08,high_volume_urban,south,101,2023,49,2023-12-04,341,12,31,58,140,16,8,606,32,72,133,298,71,15.47,6.4,0,0,0.1571,complete,train,1,20260805,1.0.0
H08-2023-W50,H08,high_volume_urban,south,102,2023,50,2023-12-11,358,14,28,45,124,16,5,590,47,77,111,283,72,15.98,3.62,0,0,0.1481,complete,train,1,20260805,1.0.0
H08-2023-W51,H08,high_volume_urban,south,103,2023,51,2023-12-18,421,11,22,38,118,16,3,629,28,87,116,328,70,16.17,1.86,0,0,0.0541,complete,train,1,20260805,1.0.0
H08-2023-W52,H08,high_volume_urban,south,104,2023,52,2023-12-25,417,12,25,46,108,20,8,636,32,82,125,324,73,16.04,3.02,1,0,0.0882,complete,train,1,20260805,1.0.0
H08-2024-W01,H08,high_volume_urban,south,105,2024,1,2024-01-01,375,9,25,46,101,21,10,587,24,83,122,291,67,15.96,1.35,1,0,0.0534,complete,train,1,20260805,1.0.0
H08-2024-W02,H08,high_volume_urban,south,106,2024,2,2024-01-08,296,9,17,35,120,17,6,500,33,77,103,227,60,16.58,1.12,0,0,0.0055,complete,train,1,20260805,1.0.0
H08-2024-W03,H08,high_volume_urban,south,107,2024,3,2024-01-15,274,30,26,39,121,18,6,514,20,71,102,260,61,16.4,1.15,0,0,0.0304,complete,train,1,20260805,1.0.0
H08-2024-W04,H08,high_volume_urban,south,108,2024,4,2024-01-22,286,14,25,52,137,29,10,553,28,74,97,283,71,16.31,3.66,0,0,0.0,complete,train,1,20260805,1.0.0
H08-2024-W05,H08,high_volume_urban,south,109,2024,5,2024-01-29,353,26,25,46,138,17,6,611,40,79,104,312,76,15.29,3.9,0,0,0.0519,complete,train,1,20260805,1.0.0
H08-2024-W06,H08,high_volume_urban,south,110,2024,6,2024-02-05,319,28,28,60,129,20,7,591,37,89,108,282,75,16.05,1.79,0,0,0.0332,complete,train,1,20260805,1.0.0
H08-2024-W07,H08,high_volume_urban,south,111,2024,7,2024-02-12,351,28,44,58,130,22,9,642,33,81,130,336,62,16.29,5.79,0,0,0.1798,complete,train,1,20260805,1.0.0
H08-2024-W08,H08,high_volume_urban,south,112,2024,8,2024-02-19,445,40,38,55,144,26,10,758,41,109,144,378,86,15.18,3.41,0,0,0.1914,complete,train,1,20260805,1.0.0
H08-2024-W09,H08,high_volume_urban,south,113,2024,9,2024-02-26,441,56,42,60,163,29,5,796,38,113,164,409,72,14.23,7.97,0,0,0.1424,complete,train,1,20260805,1.0.0
H08-2024-W10,H08,high_volume_urban,south,114,2024,10,2024-03-04,556,56,35,72,176,20,8,923,58,144,170,432,119,13.82,6.67,0,0,0.2531,complete,train,1,20260805,1.0.0
H08-2024-W11,H08,high_volume_urban,south,115,2024,11,2024-03-11,532,84,45,97,208,30,8,1004,56,139,208,496,105,13.63,6.85,0,0,0.3662,complete,train,1,20260805,1.0.0
H08-2024-W12,H08,high_volume_urban,south,116,2024,12,2024-03-18,618,91,70,109,212,25,12,1137,71,168,235,551,112,13.7,8.99,0,0,0.383,complete,train,1,20260805,1.0.0
H08-2024-W13,H08,high_volume_urban,south,117,2024,13,2024-03-25,693,102,65,115,228,16,5,1224,60,175,227,608,154,11.13,12.13,0,0,0.4455,complete,train,1,20260805,1.0.0
H08-2024-W14,H08,high_volume_urban,south,118,2024,14,2024-04-01,714,126,70,115,248,21,5,1299,66,187,284,625,137,11.38,13.25,0,0,0.5475,complete,train,1,20260805,1.0.0
H08-2024-W15,H08,high_volume_urban,south,119,2024,15,2024-04-08,693,136,99,135,220,19,8,1310,74,195,282,623,136,10.62,16.51,1,0,0.6491,complete,train,1,20260805,1.0.0
H08-2024-W16,H08,high_volume_urban,south,120,2024,16,2024-04-15,757,127,78,148,268,16,6,1400,74,240,296,653,137,9.54,16.87,0,0,0.7623,complete,train,1,20260805,1.0.0
H08-2024-W17,H08,high_volume_urban,south,121,2024,17,2024-04-22,805,156,102,174,278,22,11,1548,93,227,302,751,175,8.98,18.07,0,0,0.7664,complete,train,1,20260805,1.0.0
H08-2024-W18,H08,high_volume_urban,south,122,2024,18,2024-04-29,944,161,109,176,305,11,2,1708,113,286,338,780,191,7.8,19.71,1,0,0.8616,extreme_but_valid,train,1,20260805,1.0.0
H08-2024-W19,H08,high_volume_urban,south,123,2024,19,2024-05-06,923,186,101,153,317,17,6,1703,117,278,340,783,185,7.36,21.17,0,0,0.7586,complete,train,1,20260805,1.0.0
H08-2024-W20,H08,high_volume_urban,south,124,2024,20,2024-05-13,912,160,99,165,325,9,1,1671,111,238,346,804,172,7.97,26.48,0,0,0.8693,extreme_but_valid,train,1,20260805,1.0.0
H08-2024-W21,H08,high_volume_urban,south,125,2024,21,2024-05-20,923,180,111,164,309,14,3,1704,110,250,361,807,176,7.34,25.93,0,0,0.8178,extreme_but_valid,train,1,20260805,1.0.0
H08-2024-W22,H08,high_volume_urban,south,126,2024,22,2024-05-27,915,185,105,172,293,10,5,1685,100,255,344,805,181,7.08,28.57,0,0,0.8766,extreme_but_valid,train,1,20260805,1.0.0
H08-2024-W23,H08,high_volume_urban,south,127,2024,23,2024-06-03,913,144,98,163,260,10,2,1590,113,240,307,763,167,6.48,29.87,0,0,0.7291,complete,train,1,20260805,1.0.0
H08-2024-W24,H08,high_volume_urban,south,128,2024,24,2024-06-10,840,118,82,147,267,14,3,1471,95,233,287,666,190,5.0,31.03,0,0,0.6789,complete,train,1,20260805,1.0.0
H08-2024-W25,H08,high_volume_urban,south,129,2024,25,2024-06-17,843,112,86,119,251,9,1,1421,88,190,298,681,164,3.42,32.41,0,0,0.5987,complete,train,1,20260805,1.0.0
H08-2024-W26,H08,high_volume_urban,south,130,2024,26,2024-06-24,776,121,82,123,246,10,3,1361,98,209,259,621,174,6.16,30.55,0,0,0.585,complete,train,1,20260805,1.0.0
H08-2024-W27,H08,high_volume_urban,south,131,2024,27,2024-07-01,713,113,80,132,235,8,4,1285,89,162,269,608,157,5.83,30.66,0,1,0.5715,complete,train,1,20260805,1.0.0
H08-2024-W28,H08,high_volume_urban,south,132,2024,28,2024-07-08,624,83,53,113,230,7,5,1115,77,184,215,525,114,4.37,34.46,0,1,0.4999,complete,train,1,20260805,1.0.0
H08-2024-W29,H08,high_volume_urban,south,133,2024,29,2024-07-15,614,84,53,98,192,8,2,1051,66,157,198,508,122,3.75,34.25,0,1,0.3925,complete,train,1,20260805,1.0.0
H08-2024-W30,H08,high_volume_urban,south,134,2024,30,2024-07-22,574,61,61,80,196,10,2,984,67,145,185,468,119,6.32,31.58,0,1,0.426,complete,train,1,20260805,1.0.0
H08-2024-W31,H08,high_volume_urban,south,135,2024,31,2024-07-29,545,42,44,67,175,10,4,887,57,121,164,443,102,3.77,30.76,0,0,0.4156,complete,train,1,20260805,1.0.0
H08-2024-W32,H08,high_volume_urban,south,136,2024,32,2024-08-05,529,41,45,62,184,7,3,871,44,103,173,443,108,6.15,30.56,0,0,0.3983,complete,train,1,20260805,1.0.0
H08-2024-W33,H08,high_volume_urban,south,137,2024,33,2024-08-12,531,22,40,69,173,11,3,849,46,114,159,406,124,6.94,30.24,0,0,0.2696,complete,train,1,20260805,1.0.0
H08-2024-W34,H08,high_volume_urban,south,138,2024,34,2024-08-19,541,27,37,55,155,8,0,823,51,96,173,410,93,5.68,30.04,0,0,0.2314,complete,train,1,20260805,1.0.0
H08-2024-W35,H08,high_volume_urban,south,139,2024,35,2024-08-26,601,23,41,70,143,10,3,891,56,126,154,435,120,5.53,32.9,0,0,0.2293,complete,train,1,20260805,1.0.0
H08-2024-W36,H08,high_volume_urban,south,140,2024,36,2024-09-02,540,26,45,55,154,7,2,829,42,112,156,428,91,8.31,26.38,0,0,0.1816,complete,train,1,20260805,1.0.0
H08-2024-W37,H08,high_volume_urban,south,141,2024,37,2024-09-09,525,23,37,66,182,11,6,850,49,111,165,432,93,8.79,26.01,0,0,0.2163,complete,train,1,20260805,1.0.0
H08-2024-W38,H08,high_volume_urban,south,142,2024,38,2024-09-16,505,17,31,47,152,7,4,763,31,117,152,380,83,7.46,27.15,1,0,0.2163,complete,train,1,20260805,1.0.0
H08-2024-W39,H08,high_volume_urban,south,143,2024,39,2024-09-23,460,12,30,78,153,9,4,746,40,113,148,351,94,8.36,26.28,1,0,0.226,complete,train,1,20260805,1.0.0
H08-2024-W40,H08,high_volume_urban,south,144,2024,40,2024-09-30,339,12,34,64,157,10,2,618,41,85,103,315,74,9.0,19.75,0,0,0.1574,complete,train,1,20260805,1.0.0
H08-2024-W41,H08,high_volume_urban,south,145,2024,41,2024-10-07,375,8,30,49,137,9,1,609,38,97,126,273,75,10.11,21.07,0,0,0.2174,complete,train,1,20260805,1.0.0
H08-2024-W42,H08,high_volume_urban,south,146,2024,42,2024-10-14,439,9,25,54,138,8,3,676,33,75,139,350,79,10.25,16.4,0,0,0.2172,complete,train,1,20260805,1.0.0
H08-2024-W43,H08,high_volume_urban,south,147,2024,43,2024-10-21,448,13,26,67,156,8,2,720,46,81,151,347,95,11.94,17.65,0,0,0.1357,complete,train,1,20260805,1.0.0
H08-2024-W44,H08,high_volume_urban,south,148,2024,44,2024-10-28,402,12,25,41,130,6,3,619,31,78,123,309,78,11.88,16.1,0,0,0.0421,complete,train,1,20260805,1.0.0
H08-2024-W45,H08,high_volume_urban,south,149,2024,45,2024-11-04,416,11,40,52,154,7,3,683,31,105,132,341,74,11.92,18.57,0,0,0.1154,complete,train,1,20260805,1.0.0
H08-2024-W46,H08,high_volume_urban,south,150,2024,46,2024-11-11,420,10,30,43,131,11,4,649,35,91,114,331,78,12.53,9.56,0,0,0.204,complete,train,1,20260805,1.0.0
H08-2024-W47,H08,high_volume_urban,south,151,2024,47,2024-11-18,360,14,18,42,143,9,1,587,30,109,104,286,58,13.61,7.05,0,0,0.1439,complete,train,1,20260805,1.0.0
H08-2024-W48,H08,high_volume_urban,south,152,2024,48,2024-11-25,345,11,31,50,151,10,4,602,33,87,110,295,77,15.41,6.62,0,0,0.1361,complete,train,1,20260805,1.0.0
H08-2024-W49,H08,high_volume_urban,south,153,2024,49,2024-12-02,334,11,35,35,146,12,4,577,36,79,118,275,69,14.23,5.98,0,0,0.0174,complete,train,1,20260805,1.0.0
H08-2024-W50,H08,high_volume_urban,south,154,2024,50,2024-12-09,380,12,19,31,138,14,4,598,48,81,115,300,54,15.18,3.33,0,0,0.0505,complete,train,1,20260805,1.0.0
H08-2024-W51,H08,high_volume_urban,south,155,2024,51,2024-12-16,337,9,27,47,106,7,1,534,22,76,104,259,73,15.25,4.98,0,0,0.1168,complete,train,1,20260805,1.0.0
H08-2024-W52,H08,high_volume_urban,south,156,2024,52,2024-12-23,299,11,26,52,101,15,4,508,35,83,93,240,57,17.23,3.15,1,0,0.0022,complete,train,1,20260805,1.0.0
H08-2025-W01,H08,high_volume_urban,south,157,2025,1,2024-12-30,310,14,24,50,120,13,4,535,31,79,92,264,69,15.52,2.21,1,0,0.011,complete,test,1,20260805,1.0.0
H08-2025-W02,H08,high_volume_urban,south,158,2025,2,2025-01-06,248,21,27,31,106,13,7,453,27,77,82,219,48,16.22,1.02,0,0,0.0153,complete,test,1,20260805,1.0.0
H08-2025-W03,H08,high_volume_urban,south,159,2025,3,2025-01-13,235,19,15,41,121,9,3,443,16,68,83,225,51,16.59,4.68,0,0,0.004,complete,test,1,20260805,1.0.0
H08-2025-W04,H08,high_volume_urban,south,160,2025,4,2025-01-20,344,17,18,54,127,21,5,586,30,85,115,286,70,15.97,2.63,0,0,0.0126,complete,test,1,20260805,1.0.0
H08-2025-W05,H08,high_volume_urban,south,161,2025,5,2025-01-27,382,24,18,43,143,18,4,632,40,94,123,303,72,15.99,0.8,0,0,0.004,complete,test,1,20260805,1.0.0
H08-2025-W06,H08,high_volume_urban,south,162,2025,6,2025-02-03,377,37,26,42,137,10,1,630,39,89,129,304,69,15.56,3.68,0,0,0.0759,complete,test,1,20260805,1.0.0
H08-2025-W07,H08,high_volume_urban,south,163,2025,7,2025-02-10,366,46,31,64,155,16,4,682,25,101,119,354,83,14.48,1.85,0,0,0.1084,complete,test,1,20260805,1.0.0
H08-2025-W08,H08,high_volume_urban,south,164,2025,8,2025-02-17,425,41,35,51,141,15,3,711,39,73,119,389,91,13.7,4.82,0,0,0.0979,complete,test,1,20260805,1.0.0
H08-2025-W09,H08,high_volume_urban,south,165,2025,9,2025-02-24,444,53,50,78,151,15,7,798,38,111,156,394,99,16.37,6.0,0,0,0.309,complete,test,1,20260805,1.0.0
H08-2025-W10,H08,high_volume_urban,south,166,2025,10,2025-03-03,496,72,54,87,158,12,7,886,49,133,172,426,106,15.05,6.29,0,0,0.314,complete,test,1,20260805,1.0.0
H08-2025-W11,H08,high_volume_urban,south,167,2025,11,2025-03-10,482,85,50,84,189,16,4,910,52,138,174,437,109,14.84,8.22,0,0,0.3732,complete,test,1,20260805,1.0.0
H08-2025-W12,H08,high_volume_urban,south,168,2025,12,2025-03-17,667,97,55,106,181,18,8,1132,72,179,216,530,135,13.51,9.42,0,0,0.4104,complete,test,1,20260805,1.0.0
H08-2025-W13,H08,high_volume_urban,south,169,2025,13,2025-03-24,763,122,60,126,212,8,3,1294,67,207,236,646,138,13.01,12.05,0,0,0.4425,complete,test,1,20260805,1.0.0
H08-2025-W14,H08,high_volume_urban,south,170,2025,14,2025-03-31,824,126,74,121,232,9,4,1390,74,206,323,650,137,11.18,13.82,0,0,0.548,complete,test,1,20260805,1.0.0
H08-2025-W15,H08,high_volume_urban,south,171,2025,15,2025-04-07,831,134,82,136,285,15,6,1489,103,232,292,695,167,11.9,13.89,1,0,0.5154,complete,test,1,20260805,1.0.0
H08-2025-W16,H08,high_volume_urban,south,172,2025,16,2025-04-14,806,143,89,158,288,9,2,1495,101,202,318,694,180,11.62,16.51,0,0,0.6636,complete,test,1,20260805,1.0.0
H08-2025-W17,H08,high_volume_urban,south,173,2025,17,2025-04-21,863,157,96,172,297,13,6,1604,114,255,345,716,174,8.74,18.41,0,0,0.7213,complete,test,1,20260805,1.0.0
H08-2025-W18,H08,high_volume_urban,south,174,2025,18,2025-04-28,915,162,110,176,303,8,6,1680,85,251,322,823,199,8.83,19.96,1,0,0.8412,extreme_but_valid,test,1,20260805,1.0.0
H08-2025-W19,H08,high_volume_urban,south,175,2025,19,2025-05-05,910,168,105,164,312,9,2,1670,100,277,333,775,185,7.98,29.33,0,0,0.7876,extreme_but_valid,test,1,20260805,1.0.0
H08-2025-W20,H08,high_volume_urban,south,176,2025,20,2025-05-12,915,171,107,156,299,7,0,1655,100,289,355,746,165,8.87,26.43,0,0,0.7739,complete,test,1,20260805,1.0.0
H08-2025-W21,H08,high_volume_urban,south,177,2025,21,2025-05-19,945,179,102,173,289,7,2,1697,113,278,369,773,164,7.02,26.06,0,0,0.8363,extreme_but_valid,test,1,20260805,1.0.0
H08-2025-W22,H08,high_volume_urban,south,178,2025,22,2025-05-26,879,193,106,155,297,6,0,1636,113,263,371,743,146,7.76,26.31,0,0,0.8423,extreme_but_valid,test,1,20260805,1.0.0
H08-2025-W23,H08,high_volume_urban,south,179,2025,23,2025-06-02,819,178,94,157,271,7,1,1527,105,235,292,720,175,6.88,28.69,0,0,0.7821,extreme_but_valid,test,1,20260805,1.0.0
H08-2025-W24,H08,high_volume_urban,south,180,2025,24,2025-06-09,764,145,102,148,285,5,0,1449,73,217,318,682,159,5.17,28.78,0,0,0.7842,complete,test,1,20260805,1.0.0
H08-2025-W25,H08,high_volume_urban,south,181,2025,25,2025-06-16,749,143,78,121,272,3,2,1368,94,206,279,632,157,4.57,29.61,0,0,0.6721,complete,test,1,20260805,1.0.0
H08-2025-W26,H08,high_volume_urban,south,182,2025,26,2025-06-23,722,118,72,130,224,6,2,1274,75,188,250,594,167,4.56,32.52,0,0,0.6546,complete,test,1,20260805,1.0.0
H08-2025-W27,H08,high_volume_urban,south,183,2025,27,2025-06-30,654,111,79,118,215,5,2,1184,76,169,240,562,137,3.09,31.97,0,1,0.5862,complete,test,1,20260805,1.0.0
H08-2025-W28,H08,high_volume_urban,south,184,2025,28,2025-07-07,660,90,62,111,211,5,2,1141,71,144,236,566,124,5.31,33.04,0,1,0.4131,complete,test,1,20260805,1.0.0
H08-2025-W29,H08,high_volume_urban,south,185,2025,29,2025-07-14,655,76,54,90,219,4,0,1098,64,150,210,546,128,4.79,32.87,0,1,0.4564,complete,test,1,20260805,1.0.0
H08-2025-W30,H08,high_volume_urban,south,186,2025,30,2025-07-21,664,71,47,94,197,5,2,1080,65,165,217,498,135,4.7,31.37,0,1,0.3352,complete,test,1,20260805,1.0.0
H08-2025-W31,H08,high_volume_urban,south,187,2025,31,2025-07-28,669,68,45,74,180,3,2,1041,63,147,212,491,128,5.87,33.03,0,0,0.3316,complete,test,1,20260805,1.0.0
H08-2025-W32,H08,high_volume_urban,south,188,2025,32,2025-08-04,525,33,50,76,183,4,2,873,39,111,176,441,106,5.84,31.18,0,0,0.2976,complete,test,1,20260805,1.0.0
H08-2025-W33,H08,high_volume_urban,south,189,2025,33,2025-08-11,504,38,41,69,152,6,1,811,59,90,140,407,115,6.46,35.04,0,0,0.2852,complete,test,1,20260805,1.0.0
H08-2025-W34,H08,high_volume_urban,south,190,2025,34,2025-08-18,512,25,37,72,181,6,5,838,49,107,158,426,98,5.23,29.52,0,0,0.2155,complete,test,1,20260805,1.0.0
H08-2025-W35,H08,high_volume_urban,south,191,2025,35,2025-08-25,595,31,31,66,149,1,0,873,52,131,162,426,102,5.55,30.52,0,0,0.2254,complete,test,1,20260805,1.0.0
H08-2025-W36,H08,high_volume_urban,south,192,2025,36,2025-09-01,496,26,39,68,175,5,4,813,41,110,139,425,98,5.61,30.66,0,0,0.2037,complete,test,1,20260805,1.0.0
H09-2022-W01,H09,reference_tertiary,central,1,2022,1,2022-01-03,448,13,32,48,143,97,41,822,45,113,188,394,82,20.59,3.43,1,0,0.0,complete,train,1,20260805,1.0.0
H09-2022-W02,H09,reference_tertiary,central,2,2022,2,2022-01-10,379,17,25,63,129,96,29,738,44,87,147,371,89,19.78,3.07,0,0,0.0283,complete,train,1,20260805,1.0.0
H09-2022-W03,H09,reference_tertiary,central,3,2022,3,2022-01-17,410,19,37,50,165,101,37,819,48,116,172,388,95,19.73,1.56,0,0,0.0,complete,train,1,20260805,1.0.0
H09-2022-W04,H09,reference_tertiary,central,4,2022,4,2022-01-24,406,25,22,64,169,103,27,816,45,127,160,389,95,21.5,0.88,0,0,0.0879,complete,train,1,20260805,1.0.0
H09-2022-W05,H09,reference_tertiary,central,5,2022,5,2022-01-31,478,18,41,53,158,115,44,907,49,129,150,478,101,19.12,9.71,0,0,0.0,complete,train,1,20260805,1.0.0
H09-2022-W06,H09,reference_tertiary,central,6,2022,6,2022-02-07,519,29,27,61,159,103,32,930,52,114,188,462,114,19.41,8.65,0,0,0.0872,complete,train,1,20260805,1.0.0
H09-2022-W07,H09,reference_tertiary,central,7,2022,7,2022-02-14,563,35,43,62,164,114,43,1024,56,147,185,512,124,19.14,1.21,0,0,0.1504,complete,train,1,20260805,1.0.0
H09-2022-W08,H09,reference_tertiary,central,8,2022,8,2022-02-21,534,37,45,72,199,120,53,1060,61,171,206,497,125,18.43,1.57,0,0,0.2089,complete,train,1,20260805,1.0.0
H09-2022-W09,H09,reference_tertiary,central,9,2022,9,2022-02-28,606,55,53,88,188,113,26,1129,70,166,215,530,148,17.28,6.78,0,0,0.1895,complete,train,1,20260805,1.0.0
H09-2022-W10,H09,reference_tertiary,central,10,2022,10,2022-03-07,682,65,48,83,216,111,39,1244,63,191,229,631,130,17.82,3.85,0,0,0.2244,complete,train,1,20260805,1.0.0
H09-2022-W11,H09,reference_tertiary,central,11,2022,11,2022-03-14,687,88,71,117,229,101,41,1334,76,180,269,665,144,18.77,4.58,0,0,0.3495,complete,train,1,20260805,1.0.0
H09-2022-W12,H09,reference_tertiary,central,12,2022,12,2022-03-21,774,96,91,126,259,125,51,1522,111,227,282,727,175,16.32,11.91,0,0,0.39,complete,train,1,20260805,1.0.0
H09-2022-W13,H09,reference_tertiary,central,13,2022,13,2022-03-28,802,108,74,145,282,99,35,1545,93,204,292,776,180,17.79,14.31,0,0,0.4521,complete,train,1,20260805,1.0.0
H09-2022-W14,H09,reference_tertiary,central,14,2022,14,2022-04-04,825,115,91,140,317,98,41,1627,106,205,342,805,169,14.92,7.02,0,0,0.5703,complete,train,1,20260805,1.0.0
H09-2022-W15,H09,reference_tertiary,central,15,2022,15,2022-04-11,951,137,108,183,309,91,31,1810,114,292,347,864,193,15.23,7.6,1,0,0.5876,complete,train,1,20260805,1.0.0
H09-2022-W16,H09,reference_tertiary,central,16,2022,16,2022-04-18,1021,155,97,186,332,87,35,1913,131,269,418,889,206,13.55,8.46,0,0,0.6703,complete,train,1,20260805,1.0.0
H09-2022-W17,H09,reference_tertiary,central,17,2022,17,2022-04-25,1159,177,108,191,344,83,41,2103,127,324,447,971,234,12.71,12.13,0,0,0.711,complete,train,1,20260805,1.0.0
H09-2022-W18,H09,reference_tertiary,central,18,2022,18,2022-05-02,1248,179,122,212,363,82,29,2235,150,346,477,1023,239,12.11,14.01,1,0,0.7812,extreme_but_valid,train,1,20260805,1.0.0
H09-2022-W19,H09,reference_tertiary,central,19,2022,19,2022-05-09,1321,180,118,193,364,74,20,2270,137,337,476,1072,248,11.17,11.43,0,0,0.8865,extreme_but_valid,train,1,20260805,1.0.0
H09-2022-W20,H09,reference_tertiary,central,20,2022,20,2022-05-16,1257,189,130,199,392,76,27,2270,169,345,449,1050,257,12.15,12.36,0,0,0.8955,extreme_but_valid,train,1,20260805,1.0.0
H09-2022-W21,H09,reference_tertiary,central,21,2022,21,2022-05-23,1243,201,121,215,338,48,22,2188,119,337,449,1036,247,9.82,13.6,0,0,0.8444,extreme_but_valid,train,1,20260805,1.0.0
H09-2022-W22,H09,reference_tertiary,central,22,2022,22,2022-05-30,1245,167,106,218,371,49,19,2175,143,358,438,1005,231,8.31,14.13,0,0,0.789,extreme_but_valid,train,1,20260805,1.0.0
H09-2022-W23,H09,reference_tertiary,central,23,2022,23,2022-06-06,1188,178,123,200,373,55,21,2138,134,311,470,986,237,8.43,19.15,0,0,0.738,complete,train,1,20260805,1.0.0
H09-2022-W24,H09,reference_tertiary,central,24,2022,24,2022-06-13,1113,142,122,201,361,40,16,1995,131,289,412,954,209,8.97,15.3,0,0,0.7208,complete,train,1,20260805,1.0.0
H09-2022-W25,H09,reference_tertiary,central,25,2022,25,2022-06-20,1151,142,100,157,302,49,11,1912,120,298,383,885,226,9.05,18.15,0,0,0.6324,complete,train,1,20260805,1.0.0
H09-2022-W26,H09,reference_tertiary,central,26,2022,26,2022-06-27,989,128,96,145,274,53,22,1707,101,255,316,828,207,9.67,16.0,0,0,0.5665,complete,train,1,20260805,1.0.0
H09-2022-W27,H09,reference_tertiary,central,27,2022,27,2022-07-04,914,122,87,144,301,41,21,1630,117,228,327,772,186,8.64,18.58,0,1,0.4837,complete,train,1,20260805,1.0.0
H09-2022-W28,H09,reference_tertiary,central,28,2022,28,2022-07-11,844,81,83,135,249,40,11,1443,88,224,286,671,174,8.35,17.72,0,1,0.4419,complete,train,1,20260805,1.0.0
H09-2022-W29,H09,reference_tertiary,central,29,2022,29,2022-07-18,807,69,80,120,257,44,15,1392,82,202,285,652,171,8.02,17.82,0,1,0.4947,complete,train,1,20260805,1.0.0
H09-2022-W30,H09,reference_tertiary,central,30,2022,30,2022-07-25,843,79,70,141,248,47,19,1447,76,214,297,709,151,7.71,16.13,0,1,0.3658,complete,train,1,20260805,1.0.0
H09-2022-W31,H09,reference_tertiary,central,31,2022,31,2022-08-01,755,48,53,110,209,46,29,1250,80,177,239,612,142,7.08,16.51,0,0,0.4082,complete,train,1,20260805,1.0.0
H09-2022-W32,H09,reference_tertiary,central,32,2022,32,2022-08-08,704,46,48,87,252,52,23,1212,74,166,253,571,148,8.56,15.98,0,0,0.2692,complete,train,1,20260805,1.0.0
H09-2022-W33,H09,reference_tertiary,central,33,2022,33,2022-08-15,719,45,46,86,194,46,17,1153,71,172,215,551,144,8.27,16.03,0,0,0.3025,complete,train,1,20260805,1.0.0
H09-2022-W34,H09,reference_tertiary,central,34,2022,34,2022-08-22,704,29,47,93,199,29,21,1122,66,137,222,549,148,8.81,15.26,0,0,0.2008,complete,train,1,20260805,1.0.0
H09-2022-W35,H09,reference_tertiary,central,35,2022,35,2022-08-29,656,28,43,70,201,52,15,1065,54,144,206,519,142,9.24,14.56,0,0,0.1673,complete,train,1,20260805,1.0.0
H09-2022-W36,H09,reference_tertiary,central,36,2022,36,2022-09-05,605,24,52,81,195,37,12,1006,61,146,212,480,107,11.47,16.12,0,0,0.1862,complete,train,1,20260805,1.0.0
H09-2022-W37,H09,reference_tertiary,central,37,2022,37,2022-09-12,622,16,46,77,210,44,14,1029,54,142,224,484,125,10.8,15.93,0,0,0.2345,complete,train,1,20260805,1.0.0
H09-2022-W38,H09,reference_tertiary,central,38,2022,38,2022-09-19,606,13,35,75,189,32,10,960,53,119,183,479,126,10.89,13.7,1,0,0.1825,complete,train,1,20260805,1.0.0
H09-2022-W39,H09,reference_tertiary,central,39,2022,39,2022-09-26,581,9,38,80,180,41,8,937,59,128,171,460,119,10.89,14.28,1,0,0.2207,complete,train,1,20260805,1.0.0
H09-2022-W40,H09,reference_tertiary,central,40,2022,40,2022-10-03,635,20,40,79,206,53,18,1051,41,128,204,536,142,12.76,12.13,0,0,0.1691,complete,train,1,20260805,1.0.0
H09-2022-W41,H09,reference_tertiary,central,41,2022,41,2022-10-10,590,12,46,79,191,45,13,976,62,124,188,481,121,13.53,11.21,0,0,0.2133,complete,train,1,20260805,1.0.0
H09-2022-W42,H09,reference_tertiary,central,42,2022,42,2022-10-17,659,17,39,74,184,38,12,1023,70,132,170,512,139,14.07,8.45,0,0,0.3027,complete,train,1,20260805,1.0.0
H09-2022-W43,H09,reference_tertiary,central,43,2022,43,2022-10-24,579,5,55,67,201,34,15,956,40,132,165,492,127,14.06,9.09,0,0,0.1966,complete,train,1,20260805,1.0.0
H09-2022-W44,H09,reference_tertiary,central,44,2022,44,2022-10-31,600,18,35,59,185,41,14,952,49,129,180,482,112,15.37,7.16,0,0,0.1542,complete,train,1,20260805,1.0.0
H09-2022-W45,H09,reference_tertiary,central,45,2022,45,2022-11-07,483,7,38,63,168,33,20,812,47,102,156,423,84,16.35,5.74,0,0,0.161,complete,train,1,20260805,1.0.0
H09-2022-W46,H09,reference_tertiary,central,46,2022,46,2022-11-14,348,6,39,69,164,36,8,670,36,104,130,325,75,17.14,7.7,0,0,0.1697,complete,train,1,20260805,1.0.0
H09-2022-W47,H09,reference_tertiary,central,47,2022,47,2022-11-21,409,5,41,59,167,40,14,735,61,90,138,360,86,16.58,5.71,0,0,0.1206,complete,train,1,20260805,1.0.0
H09-2022-W48,H09,reference_tertiary,central,48,2022,48,2022-11-28,463,17,38,49,186,35,6,794,46,98,149,405,96,19.69,5.32,0,0,0.0605,complete,train,1,20260805,1.0.0
H09-2022-W49,H09,reference_tertiary,central,49,2022,49,2022-12-05,466,13,40,63,136,48,26,792,44,82,169,400,97,18.25,3.26,0,0,0.0594,complete,train,1,20260805,1.0.0
H09-2022-W50,H09,reference_tertiary,central,50,2022,50,2022-12-12,380,9,39,55,184,48,14,729,39,101,119,378,92,19.56,3.57,0,0,0.0528,complete,train,1,20260805,1.0.0
H09-2022-W51,H09,reference_tertiary,central,51,2022,51,2022-12-19,432,9,26,46,149,36,11,709,41,105,128,356,79,19.24,4.43,0,0,0.0,complete,train,1,20260805,1.0.0
H09-2022-W52,H09,reference_tertiary,central,52,2022,52,2022-12-26,473,11,29,51,165,31,15,775,34,108,166,371,96,21.06,0.92,1,0,0.0,complete,train,1,20260805,1.0.0
H09-2023-W01,H09,reference_tertiary,central,53,2023,1,2023-01-02,372,16,24,63,143,46,18,682,32,88,138,344,80,21.1,1.72,1,0,0.0,complete,train,1,20260805,1.0.0
H09-2023-W02,H09,reference_tertiary,central,54,2023,2,2023-01-09,332,16,25,52,143,52,21,641,38,83,119,336,65,21.96,4.16,0,0,0.0,complete,train,1,20260805,1.0.0
H09-2023-W03,H09,reference_tertiary,central,55,2023,3,2023-01-16,453,26,36,61,155,48,19,798,38,103,169,397,91,18.89,1.05,0,0,0.0938,complete,train,1,20260805,1.0.0
H09-2023-W04,H09,reference_tertiary,central,56,2023,4,2023-01-23,446,22,37,46,151,62,19,783,53,113,128,391,98,20.17,2.0,0,0,0.0519,complete,train,1,20260805,1.0.0
H09-2023-W05,H09,reference_tertiary,central,57,2023,5,2023-01-30,531,28,34,60,153,64,24,894,35,142,165,438,114,18.72,1.55,0,0,0.2132,complete,train,1,20260805,1.0.0
H09-2023-W06,H09,reference_tertiary,central,58,2023,6,2023-02-06,518,37,32,80,152,49,16,884,61,104,168,441,110,19.92,0.95,0,0,0.1086,complete,train,1,20260805,1.0.0
H09-2023-W07,H09,reference_tertiary,central,59,2023,7,2023-02-13,476,43,44,81,181,73,22,920,59,129,174,458,100,19.96,4.55,0,0,0.1247,complete,train,1,20260805,1.0.0
H09-2023-W08,H09,reference_tertiary,central,60,2023,8,2023-02-20,536,52,52,83,159,37,16,935,58,115,177,474,111,19.99,4.39,0,0,0.2282,complete,train,1,20260805,1.0.0
H09-2023-W09,H09,reference_tertiary,central,61,2023,9,2023-02-27,707,61,59,86,216,64,24,1217,69,183,235,574,156,17.77,3.72,0,0,0.168,complete,train,1,20260805,1.0.0
H09-2023-W10,H09,reference_tertiary,central,62,2023,10,2023-03-06,693,62,70,112,222,69,15,1243,77,143,254,610,159,17.36,3.61,0,0,0.2339,complete,train,1,20260805,1.0.0
H09-2023-W11,H09,reference_tertiary,central,63,2023,11,2023-03-13,710,77,59,120,253,57,16,1292,79,169,246,645,153,19.46,8.21,0,0,0.3813,complete,train,1,20260805,1.0.0
H09-2023-W12,H09,reference_tertiary,central,64,2023,12,2023-03-20,748,90,81,121,264,48,20,1372,84,213,272,644,159,16.46,7.03,0,0,0.4717,complete,train,1,20260805,1.0.0
H09-2023-W13,H09,reference_tertiary,central,65,2023,13,2023-03-27,911,127,102,146,268,34,8,1596,95,252,318,744,187,15.88,7.5,0,0,0.4988,complete,train,1,20260805,1.0.0
H09-2023-W14,H09,reference_tertiary,central,66,2023,14,2023-04-03,907,136,74,171,297,45,13,1643,104,233,326,809,171,14.9,6.11,0,0,0.5553,complete,train,1,20260805,1.0.0
H09-2023-W15,H09,reference_tertiary,central,67,2023,15,2023-04-10,1028,167,101,191,326,55,22,1890,107,279,363,927,214,16.3,16.92,1,0,0.6421,complete,train,1,20260805,1.0.0
H09-2023-W16,H09,reference_tertiary,central,68,2023,16,2023-04-17,1075,184,103,188,359,30,13,1952,115,315,418,894,210,14.65,11.49,0,0,0.7206,complete,train,1,20260805,1.0.0
H09-2023-W17,H09,reference_tertiary,central,69,2023,17,2023-04-24,1106,176,135,197,358,39,10,2021,129,325,396,936,235,13.35,9.26,0,0,0.8093,extreme_but_valid,train,1,20260805,1.0.0
H09-2023-W18,H09,reference_tertiary,central,70,2023,18,2023-05-01,1257,195,113,203,335,28,8,2139,155,318,439,986,241,13.47,10.71,1,0,0.758,complete,train,1,20260805,1.0.0
H09-2023-W19,H09,reference_tertiary,central,71,2023,19,2023-05-08,1261,210,133,202,365,26,9,2206,160,338,432,1022,254,11.44,13.53,0,0,0.7632,complete,train,1,20260805,1.0.0
H09-2023-W20,H09,reference_tertiary,central,72,2023,20,2023-05-15,1306,202,119,225,382,27,12,2273,140,344,479,1046,264,10.58,15.59,0,0,0.8365,extreme_but_valid,train,1,20260805,1.0.0
H09-2023-W21,H09,reference_tertiary,central,73,2023,21,2023-05-22,1207,163,115,193,355,25,7,2065,125,357,407,931,245,10.4,13.86,0,0,0.8796,extreme_but_valid,train,1,20260805,1.0.0
H09-2023-W22,H09,reference_tertiary,central,74,2023,22,2023-05-29,1301,184,134,209,386,31,17,2262,157,342,465,1039,259,10.8,19.3,0,0,0.8356,extreme_but_valid,train,1,20260805,1.0.0
H09-2023-W23,H09,reference_tertiary,central,75,2023,23,2023-06-05,1210,189,104,178,376,36,5,2098,134,309,440,953,262,7.45,14.51,0,0,0.7606,complete,train,1,20260805,1.0.0
H09-2023-W24,H09,reference_tertiary,central,76,2023,24,2023-06-12,1188,161,124,176,365,33,6,2053,116,306,401,986,244,8.6,14.93,0,0,0.6694,complete,train,1,20260805,1.0.0
H09-2023-W25,H09,reference_tertiary,central,77,2023,25,2023-06-19,1198,165,83,170,313,15,4,1948,104,284,366,953,241,8.02,18.21,0,0,0.7029,complete,train,1,20260805,1.0.0
H09-2023-W26,H09,reference_tertiary,central,78,2023,26,2023-06-26,1052,125,91,162,302,29,11,1772,118,265,355,834,200,7.63,16.17,0,0,0.6168,complete,train,1,20260805,1.0.0
H09-2023-W27,H09,reference_tertiary,central,79,2023,27,2023-07-03,924,129,92,148,291,24,7,1615,102,215,327,779,192,7.28,19.86,0,1,0.5585,complete,train,1,20260805,1.0.0
H09-2023-W28,H09,reference_tertiary,central,80,2023,28,2023-07-10,800,88,69,121,266,28,12,1384,70,182,309,688,135,8.91,20.43,0,1,0.4372,complete,train,1,20260805,1.0.0
H09-2023-W29,H09,reference_tertiary,central,81,2023,29,2023-07-17,771,86,71,123,229,16,6,1302,67,177,249,649,160,5.78,17.09,0,1,0.335,complete,train,1,20260805,1.0.0
H09-2023-W30,H09,reference_tertiary,central,82,2023,30,2023-07-24,714,76,74,115,266,23,6,1274,72,173,236,647,146,6.47,16.61,0,1,0.3932,complete,train,1,20260805,1.0.0
H09-2023-W31,H09,reference_tertiary,central,83,2023,31,2023-07-31,660,61,48,112,244,16,4,1145,61,152,200,586,146,8.76,16.56,0,0,0.3304,complete,train,1,20260805,1.0.0
H09-2023-W32,H09,reference_tertiary,central,84,2023,32,2023-08-07,566,45,38,81,216,23,10,979,49,153,171,509,97,6.77,18.48,0,0,0.2347,complete,train,1,20260805,1.0.0
H09-2023-W33,H09,reference_tertiary,central,85,2023,33,2023-08-14,510,40,40,87,221,28,6,932,49,132,192,441,118,8.32,15.19,0,0,0.2698,complete,train,1,20260805,1.0.0
H09-2023-W34,H09,reference_tertiary,central,86,2023,34,2023-08-21,580,31,40,82,201,18,6,958,63,128,176,465,126,10.44,22.45,0,0,0.136,complete,train,1,20260805,1.0.0
H09-2023-W35,H09,reference_tertiary,central,87,2023,35,2023-08-28,732,31,41,90,231,14,2,1141,62,166,251,536,126,10.04,14.44,0,0,0.2381,complete,train,1,20260805,1.0.0
H09-2023-W36,H09,reference_tertiary,central,88,2023,36,2023-09-04,657,20,50,108,181,25,10,1051,59,135,198,524,135,10.62,13.71,0,0,0.2549,complete,train,1,20260805,1.0.0
H09-2023-W37,H09,reference_tertiary,central,89,2023,37,2023-09-11,569,19,41,76,183,22,5,915,48,141,163,453,110,11.14,18.63,0,0,0.1037,complete,train,1,20260805,1.0.0
H09-2023-W38,H09,reference_tertiary,central,90,2023,38,2023-09-18,557,20,53,107,188,22,7,954,56,139,176,470,113,9.92,22.32,1,0,0.199,complete,train,1,20260805,1.0.0
H09-2023-W39,H09,reference_tertiary,central,91,2023,39,2023-09-25,584,18,33,61,166,19,5,886,51,119,167,443,106,11.36,10.87,1,0,0.2222,complete,train,1,20260805,1.0.0
H09-2023-W40,H09,reference_tertiary,central,92,2023,40,2023-10-02,564,13,48,76,183,17,2,903,51,127,178,452,95,10.65,12.27,0,0,0.1535,complete,train,1,20260805,1.0.0
H09-2023-W41,H09,reference_tertiary,central,93,2023,41,2023-10-09,454,6,49,84,229,21,7,850,58,109,155,427,101,11.87,12.32,0,0,0.1053,complete,train,1,20260805,1.0.0
H09-2023-W42,H09,reference_tertiary,central,94,2023,42,2023-10-16,564,13,25,71,183,22,4,882,48,97,175,449,113,14.76,9.91,0,0,0.1873,complete,train,1,20260805,1.0.0
H09-2023-W43,H09,reference_tertiary,central,95,2023,43,2023-10-23,560,10,35,74,182,27,11,899,47,118,163,459,112,15.03,9.44,0,0,0.3039,complete,train,1,20260805,1.0.0
H09-2023-W44,H09,reference_tertiary,central,96,2023,44,2023-10-30,575,12,37,78,188,22,10,922,53,129,187,440,113,14.85,8.22,0,0,0.1097,complete,train,1,20260805,1.0.0
H09-2023-W45,H09,reference_tertiary,central,97,2023,45,2023-11-06,554,16,32,72,188,19,8,889,41,115,171,442,120,15.77,6.33,0,0,0.2142,complete,train,1,20260805,1.0.0
H09-2023-W46,H09,reference_tertiary,central,98,2023,46,2023-11-13,536,19,39,72,156,22,7,851,62,113,173,412,91,17.74,8.48,0,0,0.1337,complete,train,1,20260805,1.0.0
H09-2023-W47,H09,reference_tertiary,central,99,2023,47,2023-11-20,577,11,32,54,167,26,5,872,45,109,187,427,104,17.38,4.46,0,0,0.1047,complete,train,1,20260805,1.0.0
H09-2023-W48,H09,reference_tertiary,central,100,2023,48,2023-11-27,544,18,44,63,184,20,6,879,57,108,188,435,91,17.86,3.44,0,0,0.1304,complete,train,1,20260805,1.0.0
H09-2023-W49,H09,reference_tertiary,central,101,2023,49,2023-12-04,473,12,37,45,153,16,2,738,39,102,126,379,92,17.56,3.85,0,0,0.1173,complete,train,1,20260805,1.0.0
H09-2023-W50,H09,reference_tertiary,central,102,2023,50,2023-12-11,498,12,36,59,171,23,4,803,49,103,154,400,97,19.83,3.36,0,0,0.0698,complete,train,1,20260805,1.0.0
H09-2023-W51,H09,reference_tertiary,central,103,2023,51,2023-12-18,468,12,30,50,141,24,4,729,27,94,151,374,83,19.38,2.26,0,0,0.131,complete,train,1,20260805,1.0.0
H09-2023-W52,H09,reference_tertiary,central,104,2023,52,2023-12-25,501,8,29,49,156,26,13,782,34,98,150,398,102,18.07,1.03,1,0,0.1552,complete,train,1,20260805,1.0.0
H09-2024-W01,H09,reference_tertiary,central,105,2024,1,2024-01-01,476,22,42,52,129,28,12,761,44,97,134,403,83,18.08,4.16,1,0,0.0,complete,train,1,20260805,1.0.0
H09-2024-W02,H09,reference_tertiary,central,106,2024,2,2024-01-08,308,20,32,59,147,27,9,602,41,83,98,291,89,20.9,2.49,0,0,0.062,complete,train,1,20260805,1.0.0
H09-2024-W03,H09,reference_tertiary,central,107,2024,3,2024-01-15,444,25,27,50,165,32,8,751,39,110,141,380,81,20.15,0.91,0,0,0.0445,complete,train,1,20260805,1.0.0
H09-2024-W04,H09,reference_tertiary,central,108,2024,4,2024-01-22,468,22,35,55,160,38,14,792,41,102,147,402,100,21.17,1.52,0,0,0.0695,complete,train,1,20260805,1.0.0
H09-2024-W05,H09,reference_tertiary,central,109,2024,5,2024-01-29,463,27,34,72,154,29,11,790,45,116,132,393,104,20.16,0.61,0,0,0.0925,complete,train,1,20260805,1.0.0
H09-2024-W06,H09,reference_tertiary,central,110,2024,6,2024-02-05,559,41,47,76,155,31,9,918,54,128,152,473,111,19.69,4.42,0,0,0.1556,complete,train,1,20260805,1.0.0
H09-2024-W07,H09,reference_tertiary,central,111,2024,7,2024-02-12,570,39,34,65,175,30,8,921,53,124,171,446,127,19.85,3.74,0,0,0.0896,complete,train,1,20260805,1.0.0
H09-2024-W08,H09,reference_tertiary,central,112,2024,8,2024-02-19,634,54,43,80,178,24,5,1018,61,154,190,483,130,18.91,8.97,0,0,0.143,complete,train,1,20260805,1.0.0
H09-2024-W09,H09,reference_tertiary,central,113,2024,9,2024-02-26,567,58,49,75,226,38,12,1025,68,159,215,467,116,18.99,2.53,0,0,0.2796,complete,train,1,20260805,1.0.0
H09-2024-W10,H09,reference_tertiary,central,114,2024,10,2024-03-04,638,77,66,112,205,24,9,1131,51,178,230,535,137,17.2,3.56,0,0,0.2688,complete,train,1,20260805,1.0.0
H09-2024-W11,H09,reference_tertiary,central,115,2024,11,2024-03-11,733,88,61,120,241,26,4,1273,81,180,235,629,148,17.38,9.19,0,0,0.4014,complete,train,1,20260805,1.0.0
H09-2024-W12,H09,reference_tertiary,central,116,2024,12,2024-03-18,839,106,87,120,230,24,14,1420,85,211,266,697,161,16.94,7.58,0,0,0.3159,complete,train,1,20260805,1.0.0
H09-2024-W13,H09,reference_tertiary,central,117,2024,13,2024-03-25,900,135,76,153,256,25,8,1553,93,232,295,749,184,16.66,9.58,0,0,0.5687,complete,train,1,20260805,1.0.0
H09-2024-W14,H09,reference_tertiary,central,118,2024,14,2024-04-01,974,152,107,148,287,24,10,1702,110,262,340,793,197,15.66,6.81,0,0,0.5283,complete,train,1,20260805,1.0.0
H09-2024-W15,H09,reference_tertiary,central,119,2024,15,2024-04-08,1148,160,108,181,346,21,4,1968,128,297,412,914,217,15.58,9.29,1,0,0.6079,complete,train,1,20260805,1.0.0
H09-2024-W16,H09,reference_tertiary,central,120,2024,16,2024-04-15,1123,167,120,205,351,26,9,2001,136,334,417,894,220,14.14,8.67,0,0,0.6759,complete,train,1,20260805,1.0.0
H09-2024-W17,H09,reference_tertiary,central,121,2024,17,2024-04-22,1217,220,123,180,365,18,8,2131,140,314,405,1028,244,12.96,9.29,0,0,0.7438,complete,train,1,20260805,1.0.0
H09-2024-W18,H09,reference_tertiary,central,122,2024,18,2024-04-29,1277,206,137,233,365,26,15,2259,155,298,506,1059,241,12.7,11.09,1,0,0.7912,extreme_but_valid,train,1,20260805,1.0.0
H09-2024-W19,H09,reference_tertiary,central,123,2024,19,2024-05-06,1339,227,114,192,363,19,9,2263,144,343,465,1058,253,11.75,12.04,0,0,0.8406,extreme_but_valid,train,1,20260805,1.0.0
H09-2024-W20,H09,reference_tertiary,central,124,2024,20,2024-05-13,1276,208,141,219,381,14,7,2246,150,369,456,1009,262,12.13,13.83,0,0,0.8434,extreme_but_valid,train,1,20260805,1.0.0
H09-2024-W21,H09,reference_tertiary,central,125,2024,21,2024-05-20,1301,197,116,221,374,14,3,2226,131,347,448,1052,248,8.97,13.46,0,0,0.8702,extreme_but_valid,train,1,20260805,1.0.0
H09-2024-W22,H09,reference_tertiary,central,126,2024,22,2024-05-27,1214,203,126,210,388,10,3,2154,136,315,434,1021,248,9.97,14.97,0,0,0.7948,extreme_but_valid,train,1,20260805,1.0.0
H09-2024-W23,H09,reference_tertiary,central,127,2024,23,2024-06-03,1249,216,118,177,377,10,5,2152,131,325,403,1045,248,9.86,15.77,0,0,0.7766,complete,train,1,20260805,1.0.0
H09-2024-W24,H09,reference_tertiary,central,128,2024,24,2024-06-10,1170,177,92,165,347,9,1,1961,122,301,401,917,220,9.05,15.04,0,0,0.7901,extreme_but_valid,train,1,20260805,1.0.0
H09-2024-W25,H09,reference_tertiary,central,129,2024,25,2024-06-17,1024,145,106,153,344,7,2,1781,107,274,348,823,229,9.51,16.3,0,0,0.7349,complete,train,1,20260805,1.0.0
H09-2024-W26,H09,reference_tertiary,central,130,2024,26,2024-06-24,1056,145,77,154,324,13,2,1771,126,247,342,869,187,8.65,17.39,0,0,0.6958,complete,train,1,20260805,1.0.0
H09-2024-W27,H09,reference_tertiary,central,131,2024,27,2024-07-01,921,130,85,156,290,6,1,1589,97,241,335,727,189,8.32,16.56,0,1,0.5163,complete,train,1,20260805,1.0.0
H09-2024-W28,H09,reference_tertiary,central,132,2024,28,2024-07-08,840,114,68,144,265,9,4,1444,70,196,264,724,190,7.48,21.75,0,1,0.4532,complete,train,1,20260805,1.0.0
H09-2024-W29,H09,reference_tertiary,central,133,2024,29,2024-07-15,738,90,77,133,240,14,4,1296,69,177,262,629,159,7.93,17.6,0,1,0.3885,complete,train,1,20260805,1.0.0
H09-2024-W30,H09,reference_tertiary,central,134,2024,30,2024-07-22,714,77,64,111,235,11,5,1217,81,172,236,602,126,7.42,17.56,0,1,0.3718,complete,train,1,20260805,1.0.0
H09-2024-W31,H09,reference_tertiary,central,135,2024,31,2024-07-29,732,67,55,95,230,9,2,1190,79,167,240,563,141,8.33,18.0,0,0,0.327,complete,train,1,20260805,1.0.0
H09-2024-W32,H09,reference_tertiary,central,136,2024,32,2024-08-05,721,51,64,98,236,12,4,1186,82,145,241,588,130,8.8,21.15,0,0,0.2814,complete,train,1,20260805,1.0.0
H09-2024-W33,H09,reference_tertiary,central,137,2024,33,2024-08-12,788,43,48,80,206,10,2,1177,76,140,230,618,113,7.22,20.66,0,0,0.2648,complete,train,1,20260805,1.0.0
H09-2024-W34,H09,reference_tertiary,central,138,2024,34,2024-08-19,794,27,50,75,206,12,7,1171,62,159,237,572,141,10.1,18.37,0,0,0.229,complete,train,1,20260805,1.0.0
H09-2024-W35,H09,reference_tertiary,central,139,2024,35,2024-08-26,722,34,48,77,176,12,5,1074,53,151,205,544,121,9.93,14.92,0,0,0.1871,complete,train,1,20260805,1.0.0
H09-2024-W36,H09,reference_tertiary,central,140,2024,36,2024-09-02,688,22,58,84,184,7,1,1044,58,152,190,521,123,10.28,14.8,0,0,0.1531,complete,train,1,20260805,1.0.0
H09-2024-W37,H09,reference_tertiary,central,141,2024,37,2024-09-09,619,18,39,80,197,11,4,968,53,125,177,506,107,9.16,14.51,0,0,0.3191,complete,train,1,20260805,1.0.0
H09-2024-W38,H09,reference_tertiary,central,142,2024,38,2024-09-16,611,15,42,75,189,11,3,946,50,119,203,479,95,10.79,12.5,1,0,0.1772,complete,train,1,20260805,1.0.0
H09-2024-W39,H09,reference_tertiary,central,143,2024,39,2024-09-23,574,16,37,56,198,6,1,888,42,125,144,461,116,10.9,11.45,1,0,0.1821,complete,train,1,20260805,1.0.0
H09-2024-W40,H09,reference_tertiary,central,144,2024,40,2024-09-30,531,19,48,63,197,11,3,872,44,107,147,460,114,12.33,10.1,0,0,0.2135,complete,train,1,20260805,1.0.0
H09-2024-W41,H09,reference_tertiary,central,145,2024,41,2024-10-07,581,14,49,69,205,12,7,937,47,125,185,458,122,13.25,9.88,0,0,0.1584,complete,train,1,20260805,1.0.0
H09-2024-W42,H09,reference_tertiary,central,146,2024,42,2024-10-14,582,20,45,82,185,13,3,930,45,112,171,492,110,13.06,8.27,0,0,0.2083,complete,train,1,20260805,1.0.0
H09-2024-W43,H09,reference_tertiary,central,147,2024,43,2024-10-21,563,20,36,81,170,7,1,878,40,128,172,419,119,14.97,7.91,0,0,0.2032,complete,train,1,20260805,1.0.0
H09-2024-W44,H09,reference_tertiary,central,148,2024,44,2024-10-28,471,11,45,60,167,21,6,781,49,122,148,372,90,15.16,8.02,0,0,0.2352,complete,train,1,20260805,1.0.0
H09-2024-W45,H09,reference_tertiary,central,149,2024,45,2024-11-04,557,10,43,67,153,11,3,844,39,120,157,439,89,14.65,5.7,0,0,0.1412,complete,train,1,20260805,1.0.0
H09-2024-W46,H09,reference_tertiary,central,150,2024,46,2024-11-11,483,16,38,58,172,14,4,785,50,104,130,393,108,18.29,6.21,0,0,0.1367,complete,train,1,20260805,1.0.0
H09-2024-W47,H09,reference_tertiary,central,151,2024,47,2024-11-18,473,21,38,53,176,6,2,769,53,110,148,374,84,16.72,6.34,0,0,0.0544,complete,train,1,20260805,1.0.0
H09-2024-W48,H09,reference_tertiary,central,152,2024,48,2024-11-25,443,9,30,52,141,11,4,690,33,82,136,352,87,18.68,3.05,0,0,0.0758,complete,train,1,20260805,1.0.0
H09-2024-W49,H09,reference_tertiary,central,153,2024,49,2024-12-02,577,18,25,65,169,7,2,863,61,116,173,418,95,19.78,4.38,0,0,0.1599,complete,train,1,20260805,1.0.0
H09-2024-W50,H09,reference_tertiary,central,154,2024,50,2024-12-09,464,21,28,51,160,17,5,746,41,105,144,360,96,19.43,5.36,0,0,0.0844,complete,train,1,20260805,1.0.0
H09-2024-W51,H09,reference_tertiary,central,155,2024,51,2024-12-16,540,14,33,63,156,17,6,829,47,125,155,418,84,19.53,1.48,0,0,0.0,complete,train,1,20260805,1.0.0
H09-2024-W52,H09,reference_tertiary,central,156,2024,52,2024-12-23,509,15,31,36,128,16,4,739,41,99,148,355,96,20.18,5.79,1,0,0.071,complete,train,1,20260805,1.0.0
H09-2025-W01,H09,reference_tertiary,central,157,2025,1,2024-12-30,453,14,39,50,154,9,4,723,26,100,144,362,91,18.56,3.72,1,0,0.0928,complete,test,1,20260805,1.0.0
H09-2025-W02,H09,reference_tertiary,central,158,2025,2,2025-01-06,432,24,36,56,149,11,3,711,44,89,132,358,88,18.64,4.01,0,0,0.0571,complete,test,1,20260805,1.0.0
H09-2025-W03,H09,reference_tertiary,central,159,2025,3,2025-01-13,523,21,45,44,172,10,3,818,49,116,147,413,93,19.66,3.2,0,0,0.0173,complete,test,1,20260805,1.0.0
H09-2025-W04,H09,reference_tertiary,central,160,2025,4,2025-01-20,489,32,34,56,131,18,7,767,43,101,152,387,84,20.48,0.84,0,0,0.0602,complete,test,1,20260805,1.0.0
H09-2025-W05,H09,reference_tertiary,central,161,2025,5,2025-01-27,470,28,45,52,145,16,5,761,45,103,136,377,100,21.95,2.53,0,0,0.019,complete,test,1,20260805,1.0.0
H09-2025-W06,H09,reference_tertiary,central,162,2025,6,2025-02-03,511,42,42,63,160,20,8,846,35,99,178,440,94,19.9,1.44,0,0,0.1304,complete,test,1,20260805,1.0.0
H09-2025-W07,H09,reference_tertiary,central,163,2025,7,2025-02-10,554,42,36,71,199,23,5,930,62,129,156,487,96,20.04,3.03,0,0,0.0806,complete,test,1,20260805,1.0.0
H09-2025-W08,H09,reference_tertiary,central,164,2025,8,2025-02-17,638,50,49,68,195,17,3,1020,62,153,196,487,122,19.68,1.89,0,0,0.1486,complete,test,1,20260805,1.0.0
H09-2025-W09,H09,reference_tertiary,central,165,2025,9,2025-02-24,699,78,52,79,204,16,4,1132,54,154,214,577,133,18.96,3.32,0,0,0.2686,complete,test,1,20260805,1.0.0
H09-2025-W10,H09,reference_tertiary,central,166,2025,10,2025-03-03,681,76,57,94,223,9,5,1145,74,181,211,548,131,18.58,2.87,0,0,0.2253,complete,test,1,20260805,1.0.0
H09-2025-W11,H09,reference_tertiary,central,167,2025,11,2025-03-10,806,104,77,124,205,17,6,1339,87,166,260,681,145,18.53,14.83,0,0,0.3111,complete,test,1,20260805,1.0.0
H09-2025-W12,H09,reference_tertiary,central,168,2025,12,2025-03-17,840,106,66,129,247,19,5,1412,76,220,302,661,153,16.57,9.34,0,0,0.4026,complete,test,1,20260805,1.0.0
H09-2025-W13,H09,reference_tertiary,central,169,2025,13,2025-03-24,978,146,92,150,292,12,5,1675,118,246,308,791,212,16.64,9.49,0,0,0.498,complete,test,1,20260805,1.0.0
H09-2025-W14,H09,reference_tertiary,central,170,2025,14,2025-03-31,958,170,109,145,289,9,5,1685,98,232,373,783,199,14.21,22.19,0,0,0.46,complete,test,1,20260805,1.0.0
H09-2025-W15,H09,reference_tertiary,central,171,2025,15,2025-04-07,1105,183,97,191,307,16,5,1904,111,296,407,875,215,14.25,7.64,1,0,0.701,complete,test,1,20260805,1.0.0
H09-2025-W16,H09,reference_tertiary,central,172,2025,16,2025-04-14,1080,198,102,158,329,11,9,1887,127,311,370,878,201,12.52,9.57,0,0,0.6376,complete,test,1,20260805,1.0.0
H09-2025-W17,H09,reference_tertiary,central,173,2025,17,2025-04-21,1316,190,101,195,373,10,5,2190,145,308,469,1006,262,14.41,16.38,0,0,0.7614,complete,test,1,20260805,1.0.0
H09-2025-W18,H09,reference_tertiary,central,174,2025,18,2025-04-28,1333,233,137,209,350,11,4,2277,162,357,451,1083,224,13.71,12.16,1,0,0.7933,extreme_but_valid,test,1,20260805,1.0.0
H09-2025-W19,H09,reference_tertiary,central,175,2025,19,2025-05-05,1315,229,137,220,381,11,6,2299,161,356,482,1049,251,11.89,11.45,0,0,0.8439,extreme_but_valid,test,1,20260805,1.0.0
H09-2025-W20,H09,reference_tertiary,central,176,2025,20,2025-05-12,1333,227,125,200,380,12,5,2282,138,364,464,1084,232,11.57,13.45,0,0,0.8305,extreme_but_valid,test,1,20260805,1.0.0
H09-2025-W21,H09,reference_tertiary,central,177,2025,21,2025-05-19,1350,205,137,197,368,10,5,2272,136,337,493,1053,253,10.95,18.69,0,0,0.9028,extreme_but_valid,test,1,20260805,1.0.0
H09-2025-W22,H09,reference_tertiary,central,178,2025,22,2025-05-26,1272,223,112,224,375,9,3,2218,135,338,438,1033,274,9.93,14.06,0,0,0.7321,complete,test,1,20260805,1.0.0
H09-2025-W23,H09,reference_tertiary,central,179,2025,23,2025-06-02,1245,221,121,195,361,7,4,2154,122,360,408,1053,211,9.45,17.07,0,0,0.8129,extreme_but_valid,test,1,20260805,1.0.0
H09-2025-W24,H09,reference_tertiary,central,180,2025,24,2025-06-09,1210,212,102,189,357,7,4,2081,120,302,432,983,244,9.99,19.54,0,0,0.6562,complete,test,1,20260805,1.0.0
H09-2025-W25,H09,reference_tertiary,central,181,2025,25,2025-06-16,1065,149,99,170,344,5,1,1833,115,261,387,849,221,9.05,19.26,0,0,0.669,complete,test,1,20260805,1.0.0
H09-2025-W26,H09,reference_tertiary,central,182,2025,26,2025-06-23,1000,160,97,160,296,2,1,1716,108,236,353,807,212,8.08,20.43,0,0,0.6078,complete,test,1,20260805,1.0.0
H09-2025-W27,H09,reference_tertiary,central,183,2025,27,2025-06-30,1060,147,99,142,308,3,0,1759,90,260,330,861,218,8.62,18.08,0,1,0.5078,complete,test,1,20260805,1.0.0
H09-2025-W28,H09,reference_tertiary,central,184,2025,28,2025-07-07,939,103,77,130,282,6,2,1539,98,211,289,744,197,8.54,20.0,0,1,0.6064,complete,test,1,20260805,1.0.0
H09-2025-W29,H09,reference_tertiary,central,185,2025,29,2025-07-14,894,111,74,105,235,6,2,1427,82,184,292,687,182,7.88,17.85,0,1,0.4644,complete,test,1,20260805,1.0.0
H09-2025-W30,H09,reference_tertiary,central,186,2025,30,2025-07-21,834,94,58,93,234,8,2,1323,79,181,262,645,156,7.08,20.64,0,1,0.3245,complete,test,1,20260805,1.0.0
H09-2025-W31,H09,reference_tertiary,central,187,2025,31,2025-07-28,819,52,57,96,225,5,0,1254,81,182,250,611,130,7.16,21.02,0,0,0.3278,complete,test,1,20260805,1.0.0
H09-2025-W32,H09,reference_tertiary,central,188,2025,32,2025-08-04,808,61,49,103,220,7,3,1251,72,165,245,616,153,9.13,21.16,0,0,0.2809,complete,test,1,20260805,1.0.0
H09-2025-W33,H09,reference_tertiary,central,189,2025,33,2025-08-11,725,41,55,86,218,4,2,1131,54,143,224,590,120,8.21,16.19,0,0,0.2236,complete,test,1,20260805,1.0.0
H09-2025-W34,H09,reference_tertiary,central,190,2025,34,2025-08-18,592,32,54,87,208,10,1,984,53,137,183,488,123,8.94,20.68,0,0,0.3385,complete,test,1,20260805,1.0.0
H09-2025-W35,H09,reference_tertiary,central,191,2025,35,2025-08-25,636,25,41,81,178,4,0,965,48,129,185,491,112,8.62,17.59,0,0,0.3001,complete,test,1,20260805,1.0.0
H09-2025-W36,H09,reference_tertiary,central,192,2025,36,2025-09-01,649,30,42,82,207,6,0,1016,65,120,197,500,134,10.42,13.72,0,0,0.3038,complete,test,1,20260805,1.0.0
